[{"model": "acl.permittype", "pk": 1, "fields": {"name": "metalstuff", "description": "Can work with metal", "permit": null}}, {"model": "acl.permittype", "pk": 2, "fields": {"name": "tablesaw", "description": "The tablesaw permit", "permit": 3}}, {"model": "acl.permittype", "pk": 3, "fields": {"name": "Wood Instruction", "description": "Can issue wood machine entitlement", "permit": null}}, {"model": "acl.permittype", "pk": 4, "fields": {"name": "doors", "description": "The doors permit", "permit": 7}}, {"model": "acl.permittype", "pk": 7, "fields": {"name": "Door Approval", "description": "Can approve door access", "permit": null}}, {"model": "acl.location", "pk": 1, "fields": {"name": "Frontroom", "description": "I.e. where you come in."}}, {"model": "acl.location", "pk": 2, "fields": {"name": "Metalshop", "description": "Area near the big CNC machine"}}, {"model": "acl.location", "pk": 3, "fields": {"name": "Woodshop", "description": "Wood area near the back of the space."}}, {"model": "acl.machine", "pk": 1, "fields": {"name": "3D-printer", "description": "3D-printer, requires instructions by someone who had instructions on this machine.", "location": 1, "requires_instruction": true, "requires_form": false, "requires_permit": null}}, {"model": "acl.machine", "pk": 2, "fields": {"name": "metalmill", "description": "Abene VHF3 Metaalfrees machine", "location": 2, "requires_instruction": true, "requires_form": true, "requires_permit": null}}, {"model": "acl.machine", "pk": 3, "fields": {"name": "metallathe", "description": "Huvema HU760 Draaibank, Reqires instructions by someone who had instruction on this machine.", "location": 2, "requires_instruction": true, "requires_form": true, "requires_permit": null}}, {"model": "acl.machine", "pk": 4, "fields": {"name": "tablesaw", "description": "The tablesaw machine, requires instructions and the waiver form to be on file.", "location": 3, "requires_instruction": true, "requires_form": true, "requires_permit": 2}}, {"model": "acl.machine", "pk": 5, "fields": {"name": "doors", "description": "Allowed to open the doors to the space.", "location": null, "requires_instruction": true, "requires_form": false, "requires_permit": 4}}, {"model": "acl.machine", "pk": 8, "fields": {"name": "Bandsaw for metal", "description": "Metal bandaw, requries instructions by someone who has 'metalstuff'  instructions.", "location": 2, "requires_instruction": true, "requires_form": false, "requires_permit": 1}}, {"model": "acl.machine", "pk": 9, "fields": {"name": "Hammer", "description": "General hammer, can be used without ado", "location": null, "requires_instruction": false, "requires_form": false, "requires_permit": null}}, {"model": "selfservice.wifinetwork", "pk": 1, "fields": {"network": "Members", "password": "1234"}}, {"model": "selfservice.wifinetwork", "pk": 2, "fields": {"network": "Members-5G", "password": "1234"}}, {"model": "selfservice.wifinetwork", "pk": 3, "fields": {"network": "Guests", "password": "Welcome"}}, {"model": "contenttypes.contenttype", "pk": 1, "fields": {"app_label": "storage", "model": "historicalstorage"}}, {"model": "contenttypes.contenttype", "pk": 2, "fields": {"app_label": "storage", "model": "storage"}}, {"model": "contenttypes.contenttype", "pk": 3, "fields": {"app_label": "memberbox", "model": "historicalmemberbox"}}, {"model": "contenttypes.contenttype", "pk": 4, "fields": {"app_label": "memberbox", "model": "memberbox"}}, {"model": "contenttypes.contenttype", "pk": 5, "fields": {"app_label": "members", "model": "user"}}, {"model": "contenttypes.contenttype", "pk": 6, "fields": {"app_label": "members", "model": "historicaltag"}}, {"model": "contenttypes.contenttype", "pk": 7, "fields": {"app_label": "members", "model": "historicaluser"}}, {"model": "contenttypes.contenttype", "pk": 8, "fields": {"app_label": "members", "model": "tag"}}, {"model": "contenttypes.contenttype", "pk": 9, "fields": {"app_label": "acl", "model": "entitlement"}}, {"model": "contenttypes.contenttype", "pk": 10, "fields": {"app_label": "acl", "model": "historicalentitlement"}}, {"model": "contenttypes.contenttype", "pk": 11, "fields": {"app_label": "acl", "model": "historicallocation"}}, {"model": "contenttypes.contenttype", "pk": 12, "fields": {"app_label": "acl", "model": "historicalmachine"}}, {"model": "contenttypes.contenttype", "pk": 13, "fields": {"app_label": "acl", "model": "historicalpermittype"}}, {"model": "contenttypes.contenttype", "pk": 14, "fields": {"app_label": "acl", "model": "location"}}, {"model": "contenttypes.contenttype", "pk": 15, "fields": {"app_label": "acl", "model": "machine"}}, {"model": "contenttypes.contenttype", "pk": 16, "fields": {"app_label": "acl", "model": "permittype"}}, {"model": "contenttypes.contenttype", "pk": 17, "fields": {"app_label": "selfservice", "model": "historicalwifinetwork"}}, {"model": "contenttypes.contenttype", "pk": 18, "fields": {"app_label": "selfservice", "model": "wifinetwork"}}, {"model": "contenttypes.contenttype", "pk": 19, "fields": {"app_label": "admin", "model": "logentry"}}, {"model": "contenttypes.contenttype", "pk": 20, "fields": {"app_label": "auth", "model": "permission"}}, {"model": "contenttypes.contenttype", "pk": 21, "fields": {"app_label": "auth", "model": "group"}}, {"model": "contenttypes.contenttype", "pk": 22, "fields": {"app_label": "contenttypes", "model": "contenttype"}}, {"model": "contenttypes.contenttype", "pk": 23, "fields": {"app_label": "sessions", "model": "session"}}, {"model": "contenttypes.contenttype", "pk": 24, "fields": {"app_label": "sites", "model": "site"}}, {"model": "contenttypes.contenttype", "pk": 25, "fields": {"app_label": "ufo", "model": "ufo"}}, {"model": "contenttypes.contenttype", "pk": 26, "fields": {"app_label": "ufo", "model": "historicalufo"}}, {"model": "sessions.session", "pk": "3azo5poxcltmobezr6udbiz4q8urf0pn", "fields": {"session_data": "ZGMxNzgwZjQ0YzU4MWIyYTgwZTY4M2Q0MzYzMzk5ZGYzZGQ3MmExMzp7Il9hdXRoX3VzZXJfaWQiOiIxIiwiX2F1dGhfdXNlcl9iYWNrZW5kIjoiZGphbmdvLmNvbnRyaWIuYXV0aC5iYWNrZW5kcy5Nb2RlbEJhY2tlbmQiLCJfYXV0aF91c2VyX2hhc2giOiIzZjI3MDI3NzNhYzkzN2VmODIyYWMzMzc0MDEyZmNiYWZmNTUxN2Y1In0=", "expire_date": "2019-01-16T20:25:38.693Z"}}, {"model": "sessions.session", "pk": "8mmbtj9t9ie7y55kj3n3qru80rnskw9m", "fields": {"session_data": "ZGMxNzgwZjQ0YzU4MWIyYTgwZTY4M2Q0MzYzMzk5ZGYzZGQ3MmExMzp7Il9hdXRoX3VzZXJfaWQiOiIxIiwiX2F1dGhfdXNlcl9iYWNrZW5kIjoiZGphbmdvLmNvbnRyaWIuYXV0aC5iYWNrZW5kcy5Nb2RlbEJhY2tlbmQiLCJfYXV0aF91c2VyX2hhc2giOiIzZjI3MDI3NzNhYzkzN2VmODIyYWMzMzc0MDEyZmNiYWZmNTUxN2Y1In0=", "expire_date": "2019-01-25T20:33:40.383Z"}}, {"model": "sessions.session", "pk": "a8z50d5556t2gz41lf8992kr6e5pkg18", "fields": {"session_data": "ZGMxNzgwZjQ0YzU4MWIyYTgwZTY4M2Q0MzYzMzk5ZGYzZGQ3MmExMzp7Il9hdXRoX3VzZXJfaWQiOiIxIiwiX2F1dGhfdXNlcl9iYWNrZW5kIjoiZGphbmdvLmNvbnRyaWIuYXV0aC5iYWNrZW5kcy5Nb2RlbEJhY2tlbmQiLCJfYXV0aF91c2VyX2hhc2giOiIzZjI3MDI3NzNhYzkzN2VmODIyYWMzMzc0MDEyZmNiYWZmNTUxN2Y1In0=", "expire_date": "2019-01-27T08:35:40.227Z"}}, {"model": "sites.site", "pk": 1, "fields": {"domain": "example.com", "name": "example.com"}}, {"model": "auth.permission", "pk": 1, "fields": {"name": "Can add historical storage", "content_type": 1, "codename": "add_historicalstorage"}}, {"model": "auth.permission", "pk": 2, "fields": {"name": "Can change historical storage", "content_type": 1, "codename": "change_historicalstorage"}}, {"model": "auth.permission", "pk": 3, "fields": {"name": "Can delete historical storage", "content_type": 1, "codename": "delete_historicalstorage"}}, {"model": "auth.permission", "pk": 4, "fields": {"name": "Can view historical storage", "content_type": 1, "codename": "view_historicalstorage"}}, {"model": "auth.permission", "pk": 5, "fields": {"name": "Can add storage", "content_type": 2, "codename": "add_storage"}}, {"model": "auth.permission", "pk": 6, "fields": {"name": "Can change storage", "content_type": 2, "codename": "change_storage"}}, {"model": "auth.permission", "pk": 7, "fields": {"name": "Can delete storage", "content_type": 2, "codename": "delete_storage"}}, {"model": "auth.permission", "pk": 8, "fields": {"name": "Can view storage", "content_type": 2, "codename": "view_storage"}}, {"model": "auth.permission", "pk": 9, "fields": {"name": "Can add historical memberbox", "content_type": 3, "codename": "add_historicalmemberbox"}}, {"model": "auth.permission", "pk": 10, "fields": {"name": "Can change historical memberbox", "content_type": 3, "codename": "change_historicalmemberbox"}}, {"model": "auth.permission", "pk": 11, "fields": {"name": "Can delete historical memberbox", "content_type": 3, "codename": "delete_historicalmemberbox"}}, {"model": "auth.permission", "pk": 12, "fields": {"name": "Can view historical memberbox", "content_type": 3, "codename": "view_historicalmemberbox"}}, {"model": "auth.permission", "pk": 13, "fields": {"name": "Can add memberbox", "content_type": 4, "codename": "add_memberbox"}}, {"model": "auth.permission", "pk": 14, "fields": {"name": "Can change memberbox", "content_type": 4, "codename": "change_memberbox"}}, {"model": "auth.permission", "pk": 15, "fields": {"name": "Can delete memberbox", "content_type": 4, "codename": "delete_memberbox"}}, {"model": "auth.permission", "pk": 16, "fields": {"name": "Can view memberbox", "content_type": 4, "codename": "view_memberbox"}}, {"model": "auth.permission", "pk": 17, "fields": {"name": "Can add user", "content_type": 5, "codename": "add_user"}}, {"model": "auth.permission", "pk": 18, "fields": {"name": "Can change user", "content_type": 5, "codename": "change_user"}}, {"model": "auth.permission", "pk": 19, "fields": {"name": "Can delete user", "content_type": 5, "codename": "delete_user"}}, {"model": "auth.permission", "pk": 20, "fields": {"name": "Can view user", "content_type": 5, "codename": "view_user"}}, {"model": "auth.permission", "pk": 21, "fields": {"name": "Can add historical tag", "content_type": 6, "codename": "add_historicaltag"}}, {"model": "auth.permission", "pk": 22, "fields": {"name": "Can change historical tag", "content_type": 6, "codename": "change_historicaltag"}}, {"model": "auth.permission", "pk": 23, "fields": {"name": "Can delete historical tag", "content_type": 6, "codename": "delete_historicaltag"}}, {"model": "auth.permission", "pk": 24, "fields": {"name": "Can view historical tag", "content_type": 6, "codename": "view_historicaltag"}}, {"model": "auth.permission", "pk": 25, "fields": {"name": "Can add historical user", "content_type": 7, "codename": "add_historicaluser"}}, {"model": "auth.permission", "pk": 26, "fields": {"name": "Can change historical user", "content_type": 7, "codename": "change_historicaluser"}}, {"model": "auth.permission", "pk": 27, "fields": {"name": "Can delete historical user", "content_type": 7, "codename": "delete_historicaluser"}}, {"model": "auth.permission", "pk": 28, "fields": {"name": "Can view historical user", "content_type": 7, "codename": "view_historicaluser"}}, {"model": "auth.permission", "pk": 29, "fields": {"name": "Can add tag", "content_type": 8, "codename": "add_tag"}}, {"model": "auth.permission", "pk": 30, "fields": {"name": "Can change tag", "content_type": 8, "codename": "change_tag"}}, {"model": "auth.permission", "pk": 31, "fields": {"name": "Can delete tag", "content_type": 8, "codename": "delete_tag"}}, {"model": "auth.permission", "pk": 32, "fields": {"name": "Can view tag", "content_type": 8, "codename": "view_tag"}}, {"model": "auth.permission", "pk": 33, "fields": {"name": "Can add entitlement", "content_type": 9, "codename": "add_entitlement"}}, {"model": "auth.permission", "pk": 34, "fields": {"name": "Can change entitlement", "content_type": 9, "codename": "change_entitlement"}}, {"model": "auth.permission", "pk": 35, "fields": {"name": "Can delete entitlement", "content_type": 9, "codename": "delete_entitlement"}}, {"model": "auth.permission", "pk": 36, "fields": {"name": "Can view entitlement", "content_type": 9, "codename": "view_entitlement"}}, {"model": "auth.permission", "pk": 37, "fields": {"name": "Can add historical entitlement", "content_type": 10, "codename": "add_historicalentitlement"}}, {"model": "auth.permission", "pk": 38, "fields": {"name": "Can change historical entitlement", "content_type": 10, "codename": "change_historicalentitlement"}}, {"model": "auth.permission", "pk": 39, "fields": {"name": "Can delete historical entitlement", "content_type": 10, "codename": "delete_historicalentitlement"}}, {"model": "auth.permission", "pk": 40, "fields": {"name": "Can view historical entitlement", "content_type": 10, "codename": "view_historicalentitlement"}}, {"model": "auth.permission", "pk": 41, "fields": {"name": "Can add historical location", "content_type": 11, "codename": "add_historicallocation"}}, {"model": "auth.permission", "pk": 42, "fields": {"name": "Can change historical location", "content_type": 11, "codename": "change_historicallocation"}}, {"model": "auth.permission", "pk": 43, "fields": {"name": "Can delete historical location", "content_type": 11, "codename": "delete_historicallocation"}}, {"model": "auth.permission", "pk": 44, "fields": {"name": "Can view historical location", "content_type": 11, "codename": "view_historicallocation"}}, {"model": "auth.permission", "pk": 45, "fields": {"name": "Can add historical machine", "content_type": 12, "codename": "add_historicalmachine"}}, {"model": "auth.permission", "pk": 46, "fields": {"name": "Can change historical machine", "content_type": 12, "codename": "change_historicalmachine"}}, {"model": "auth.permission", "pk": 47, "fields": {"name": "Can delete historical machine", "content_type": 12, "codename": "delete_historicalmachine"}}, {"model": "auth.permission", "pk": 48, "fields": {"name": "Can view historical machine", "content_type": 12, "codename": "view_historicalmachine"}}, {"model": "auth.permission", "pk": 49, "fields": {"name": "Can add historical permit type", "content_type": 13, "codename": "add_historicalpermittype"}}, {"model": "auth.permission", "pk": 50, "fields": {"name": "Can change historical permit type", "content_type": 13, "codename": "change_historicalpermittype"}}, {"model": "auth.permission", "pk": 51, "fields": {"name": "Can delete historical permit type", "content_type": 13, "codename": "delete_historicalpermittype"}}, {"model": "auth.permission", "pk": 52, "fields": {"name": "Can view historical permit type", "content_type": 13, "codename": "view_historicalpermittype"}}, {"model": "auth.permission", "pk": 53, "fields": {"name": "Can add location", "content_type": 14, "codename": "add_location"}}, {"model": "auth.permission", "pk": 54, "fields": {"name": "Can change location", "content_type": 14, "codename": "change_location"}}, {"model": "auth.permission", "pk": 55, "fields": {"name": "Can delete location", "content_type": 14, "codename": "delete_location"}}, {"model": "auth.permission", "pk": 56, "fields": {"name": "Can view location", "content_type": 14, "codename": "view_location"}}, {"model": "auth.permission", "pk": 57, "fields": {"name": "Can add machine", "content_type": 15, "codename": "add_machine"}}, {"model": "auth.permission", "pk": 58, "fields": {"name": "Can change machine", "content_type": 15, "codename": "change_machine"}}, {"model": "auth.permission", "pk": 59, "fields": {"name": "Can delete machine", "content_type": 15, "codename": "delete_machine"}}, {"model": "auth.permission", "pk": 60, "fields": {"name": "Can view machine", "content_type": 15, "codename": "view_machine"}}, {"model": "auth.permission", "pk": 61, "fields": {"name": "Can add permit type", "content_type": 16, "codename": "add_permittype"}}, {"model": "auth.permission", "pk": 62, "fields": {"name": "Can change permit type", "content_type": 16, "codename": "change_permittype"}}, {"model": "auth.permission", "pk": 63, "fields": {"name": "Can delete permit type", "content_type": 16, "codename": "delete_permittype"}}, {"model": "auth.permission", "pk": 64, "fields": {"name": "Can view permit type", "content_type": 16, "codename": "view_permittype"}}, {"model": "auth.permission", "pk": 65, "fields": {"name": "Can add historical wi fi network", "content_type": 17, "codename": "add_historicalwifinetwork"}}, {"model": "auth.permission", "pk": 66, "fields": {"name": "Can change historical wi fi network", "content_type": 17, "codename": "change_historicalwifinetwork"}}, {"model": "auth.permission", "pk": 67, "fields": {"name": "Can delete historical wi fi network", "content_type": 17, "codename": "delete_historicalwifinetwork"}}, {"model": "auth.permission", "pk": 68, "fields": {"name": "Can view historical wi fi network", "content_type": 17, "codename": "view_historicalwifinetwork"}}, {"model": "auth.permission", "pk": 69, "fields": {"name": "Can add wi fi network", "content_type": 18, "codename": "add_wifinetwork"}}, {"model": "auth.permission", "pk": 70, "fields": {"name": "Can change wi fi network", "content_type": 18, "codename": "change_wifinetwork"}}, {"model": "auth.permission", "pk": 71, "fields": {"name": "Can delete wi fi network", "content_type": 18, "codename": "delete_wifinetwork"}}, {"model": "auth.permission", "pk": 72, "fields": {"name": "Can view wi fi network", "content_type": 18, "codename": "view_wifinetwork"}}, {"model": "auth.permission", "pk": 73, "fields": {"name": "Can add log entry", "content_type": 19, "codename": "add_logentry"}}, {"model": "auth.permission", "pk": 74, "fields": {"name": "Can change log entry", "content_type": 19, "codename": "change_logentry"}}, {"model": "auth.permission", "pk": 75, "fields": {"name": "Can delete log entry", "content_type": 19, "codename": "delete_logentry"}}, {"model": "auth.permission", "pk": 76, "fields": {"name": "Can view log entry", "content_type": 19, "codename": "view_logentry"}}, {"model": "auth.permission", "pk": 77, "fields": {"name": "Can add permission", "content_type": 20, "codename": "add_permission"}}, {"model": "auth.permission", "pk": 78, "fields": {"name": "Can change permission", "content_type": 20, "codename": "change_permission"}}, {"model": "auth.permission", "pk": 79, "fields": {"name": "Can delete permission", "content_type": 20, "codename": "delete_permission"}}, {"model": "auth.permission", "pk": 80, "fields": {"name": "Can view permission", "content_type": 20, "codename": "view_permission"}}, {"model": "auth.permission", "pk": 81, "fields": {"name": "Can add group", "content_type": 21, "codename": "add_group"}}, {"model": "auth.permission", "pk": 82, "fields": {"name": "Can change group", "content_type": 21, "codename": "change_group"}}, {"model": "auth.permission", "pk": 83, "fields": {"name": "Can delete group", "content_type": 21, "codename": "delete_group"}}, {"model": "auth.permission", "pk": 84, "fields": {"name": "Can view group", "content_type": 21, "codename": "view_group"}}, {"model": "auth.permission", "pk": 85, "fields": {"name": "Can add content type", "content_type": 22, "codename": "add_contenttype"}}, {"model": "auth.permission", "pk": 86, "fields": {"name": "Can change content type", "content_type": 22, "codename": "change_contenttype"}}, {"model": "auth.permission", "pk": 87, "fields": {"name": "Can delete content type", "content_type": 22, "codename": "delete_contenttype"}}, {"model": "auth.permission", "pk": 88, "fields": {"name": "Can view content type", "content_type": 22, "codename": "view_contenttype"}}, {"model": "auth.permission", "pk": 89, "fields": {"name": "Can add session", "content_type": 23, "codename": "add_session"}}, {"model": "auth.permission", "pk": 90, "fields": {"name": "Can change session", "content_type": 23, "codename": "change_session"}}, {"model": "auth.permission", "pk": 91, "fields": {"name": "Can delete session", "content_type": 23, "codename": "delete_session"}}, {"model": "auth.permission", "pk": 92, "fields": {"name": "Can view session", "content_type": 23, "codename": "view_session"}}, {"model": "auth.permission", "pk": 93, "fields": {"name": "Can add site", "content_type": 24, "codename": "add_site"}}, {"model": "auth.permission", "pk": 94, "fields": {"name": "Can change site", "content_type": 24, "codename": "change_site"}}, {"model": "auth.permission", "pk": 95, "fields": {"name": "Can delete site", "content_type": 24, "codename": "delete_site"}}, {"model": "auth.permission", "pk": 96, "fields": {"name": "Can view site", "content_type": 24, "codename": "view_site"}}, {"model": "auth.permission", "pk": 97, "fields": {"name": "Can add ufo", "content_type": 25, "codename": "add_ufo"}}, {"model": "auth.permission", "pk": 98, "fields": {"name": "Can change ufo", "content_type": 25, "codename": "change_ufo"}}, {"model": "auth.permission", "pk": 99, "fields": {"name": "Can delete ufo", "content_type": 25, "codename": "delete_ufo"}}, {"model": "auth.permission", "pk": 100, "fields": {"name": "Can view ufo", "content_type": 25, "codename": "view_ufo"}}, {"model": "auth.permission", "pk": 101, "fields": {"name": "Can add historical ufo", "content_type": 26, "codename": "add_historicalufo"}}, {"model": "auth.permission", "pk": 102, "fields": {"name": "Can change historical ufo", "content_type": 26, "codename": "change_historicalufo"}}, {"model": "auth.permission", "pk": 103, "fields": {"name": "Can delete historical ufo", "content_type": 26, "codename": "delete_historicalufo"}}, {"model": "auth.permission", "pk": 104, "fields": {"name": "Can view historical ufo", "content_type": 26, "codename": "view_historicalufo"}}, {"model": "members.user", "pk": 1, "fields": {"password": "pbkdf2_sha256$120000$TY4hMK9jYxkN$0BEbC+38ajbxDd4uakNP/FPTUUy7cmIWDy9y5VSqQ9A=", "last_login": "2019-01-13T08:35:40.215Z", "is_superuser": true, "first_name": "('Ad',)", "last_name": "Min", "is_staff": true, "is_active": true, "date_joined": "2019-01-02T20:25:26.383Z", "email": "admin@admin.nl", "form_on_file": false, "email_confirmed": false, "groups": [], "user_permissions": []}}, {"model": "members.user", "pk": 2, "fields": {"password": "pbkdf2_sha256$120000$eqrt8m4dux5r$IPKRtAT8TzQk4TJS1iqfpgVzvAVNK05pqFF7AHGXYrg=", "last_login": null, "is_superuser": false, "first_name": "Theo", "last_name": "Trustuee", "is_staff": true, "is_active": true, "date_joined": "2019-01-02T20:25:26Z", "email": "theo.trustee@makerspaceleiden.nl", "form_on_file": true, "email_confirmed": true, "groups": [], "user_permissions": []}}, {"model": "members.user", "pk": 3, "fields": {"password": "pbkdf2_sha256$120000$eflktFQDbnic$ufdAAYN8bn85NuKf0lCR4T2bPC9c3YfqKauydfY08KU=", "last_login": null, "is_superuser": false, "first_name": "Ida", "last_name": "Instructor", "is_staff": false, "is_active": true, "date_joined": "2019-01-02T20:25:26.757Z", "email": "ida.instruct@makerspaceleiden.nl", "form_on_file": true, "email_confirmed": false, "groups": [], "user_permissions": []}}, {"model": "members.user", "pk": 4, "fields": {"password": "pbkdf2_sha256$120000$7e6tseRdos9P$G63i47OXNk3XVgqkmjcB/QW0YmSg3xYZ8lNwe2alb5Y=", "last_login": "2019-01-02T21:09:00.613Z", "is_superuser": false, "first_name": "Mary", "last_name": "Maker", "is_staff": false, "is_active": true, "date_joined": "2019-01-02T20:25:27.068Z", "email": "mary.maker@makerspaceleiden.nl", "form_on_file": true, "email_confirmed": false, "groups": [], "user_permissions": []}}, {"model": "members.user", "pk": 5, "fields": {"password": "pbkdf2_sha256$120000$oHALNvRPf3Xp$lLthEcRxW3WQSVIzWha0AH3pFdCfwrjwW1Wxl0PMJqg=", "last_login": null, "is_superuser": false, "first_name": "Peter", "last_name": "Plain", "is_staff": false, "is_active": true, "date_joined": "2019-01-02T20:25:27.266Z", "email": "peter.plain@makerspaceleiden.nl", "form_on_file": false, "email_confirmed": false, "groups": [], "user_permissions": []}}, {"model": "members.user", "pk": 6, "fields": {"password": "pbkdf2_sha256$120000$h3zvvUxWPIEm$zkLQFdjVMtyNB+444ir29HnVMPS1CEeLSe7XvGCSYx4=", "last_login": null, "is_superuser": false, "first_name": "Tom", "last_name": "LotsATags", "is_staff": false, "is_active": true, "date_joined": "2019-01-02T20:25:27.418Z", "email": "tom.tags@makerspaceleiden.nl", "form_on_file": false, "email_confirmed": false, "groups": [], "user_permissions": []}}, {"model": "members.user", "pk": 7, "fields": {"password": "pbkdf2_sha256$120000$wmOanOhjsgdb$V1HeooPnxfIt3TtR3UTd5BDSzn/T9Ysf4+HAGhYJV+8=", "last_login": "2019-01-11T20:17:41.065Z", "is_superuser": false, "first_name": "Mary", "last_name": "Metall", "is_staff": false, "is_active": true, "date_joined": "2019-01-02T20:25:27.582Z", "email": "mary.metal@makerspaceleiden.nl", "form_on_file": true, "email_confirmed": false, "groups": [], "user_permissions": []}}, {"model": "members.user", "pk": 8, "fields": {"password": "pbkdf2_sha256$120000$u8ih7cFF7p9t$YPYTucVPfNp48mJnSI3FAjcaRILbuZfofbP9/N/KALY=", "last_login": null, "is_superuser": false, "first_name": "Mike", "last_name": "Newmetal", "is_staff": false, "is_active": true, "date_joined": "2019-01-02T20:25:27.835Z", "email": "mike.newmetal@makerspaceleiden.nl", "form_on_file": true, "email_confirmed": false, "groups": [], "user_permissions": []}}, {"model": "members.historicaluser", "pk": 1, "fields": {"id": 1, "password": "pbkdf2_sha256$120000$TY4hMK9jYxkN$0BEbC+38ajbxDd4uakNP/FPTUUy7cmIWDy9y5VSqQ9A=", "last_login": null, "is_superuser": true, "first_name": "", "last_name": "", "is_staff": true, "is_active": true, "date_joined": "2019-01-02T20:25:26.383Z", "email": "admin@admin.nl", "form_on_file": false, "email_confirmed": false, "history_change_reason": null, "history_date": "2019-01-02T20:25:26.477Z", "history_user": null, "history_type": "+"}}, {"model": "members.historicaluser", "pk": 2, "fields": {"id": 1, "password": "pbkdf2_sha256$120000$TY4hMK9jYxkN$0BEbC+38ajbxDd4uakNP/FPTUUy7cmIWDy9y5VSqQ9A=", "last_login": null, "is_superuser": true, "first_name": "('Ad',)", "last_name": "Min", "is_staff": true, "is_active": true, "date_joined": "2019-01-02T20:25:26.383Z", "email": "admin@admin.nl", "form_on_file": false, "email_confirmed": false, "history_change_reason": null, "history_date": "2019-01-02T20:25:26.496Z", "history_user": null, "history_type": "~"}}, {"model": "members.historicaluser", "pk": 3, "fields": {"id": 2, "password": "", "last_login": null, "is_superuser": false, "first_name": "", "last_name": "", "is_staff": false, "is_active": true, "date_joined": "2019-01-02T20:25:26.522Z", "email": "theo.trustee@makerspaceleiden.nl", "form_on_file": false, "email_confirmed": false, "history_change_reason": null, "history_date": "2019-01-02T20:25:26.522Z", "history_user": null, "history_type": "+"}}, {"model": "members.historicaluser", "pk": 4, "fields": {"id": 2, "password": "pbkdf2_sha256$120000$eqrt8m4dux5r$IPKRtAT8TzQk4TJS1iqfpgVzvAVNK05pqFF7AHGXYrg=", "last_login": null, "is_superuser": false, "first_name": "Theo", "last_name": "Trustuee", "is_staff": false, "is_active": true, "date_joined": "2019-01-02T20:25:26.522Z", "email": "theo.trustee@makerspaceleiden.nl", "form_on_file": true, "email_confirmed": false, "history_change_reason": null, "history_date": "2019-01-02T20:25:26.618Z", "history_user": null, "history_type": "~"}}, {"model": "members.historicaluser", "pk": 5, "fields": {"id": 3, "password": "", "last_login": null, "is_superuser": false, "first_name": "", "last_name": "", "is_staff": false, "is_active": true, "date_joined": "2019-01-02T20:25:26.757Z", "email": "ida.instruct@makerspaceleiden.nl", "form_on_file": false, "email_confirmed": false, "history_change_reason": null, "history_date": "2019-01-02T20:25:26.758Z", "history_user": null, "history_type": "+"}}, {"model": "members.historicaluser", "pk": 6, "fields": {"id": 3, "password": "pbkdf2_sha256$120000$eflktFQDbnic$ufdAAYN8bn85NuKf0lCR4T2bPC9c3YfqKauydfY08KU=", "last_login": null, "is_superuser": false, "first_name": "Ida", "last_name": "Instructor", "is_staff": false, "is_active": true, "date_joined": "2019-01-02T20:25:26.757Z", "email": "ida.instruct@makerspaceleiden.nl", "form_on_file": true, "email_confirmed": false, "history_change_reason": null, "history_date": "2019-01-02T20:25:26.858Z", "history_user": null, "history_type": "~"}}, {"model": "members.historicaluser", "pk": 7, "fields": {"id": 4, "password": "", "last_login": null, "is_superuser": false, "first_name": "", "last_name": "", "is_staff": false, "is_active": true, "date_joined": "2019-01-02T20:25:27.068Z", "email": "mary.maker@makerspaceleiden.nl", "form_on_file": false, "email_confirmed": false, "history_change_reason": null, "history_date": "2019-01-02T20:25:27.068Z", "history_user": null, "history_type": "+"}}, {"model": "members.historicaluser", "pk": 8, "fields": {"id": 4, "password": "pbkdf2_sha256$120000$7e6tseRdos9P$G63i47OXNk3XVgqkmjcB/QW0YmSg3xYZ8lNwe2alb5Y=", "last_login": null, "is_superuser": false, "first_name": "Mary", "last_name": "Maker", "is_staff": false, "is_active": true, "date_joined": "2019-01-02T20:25:27.068Z", "email": "mary.maker@makerspaceleiden.nl", "form_on_file": true, "email_confirmed": false, "history_change_reason": null, "history_date": "2019-01-02T20:25:27.167Z", "history_user": null, "history_type": "~"}}, {"model": "members.historicaluser", "pk": 9, "fields": {"id": 5, "password": "", "last_login": null, "is_superuser": false, "first_name": "", "last_name": "", "is_staff": false, "is_active": true, "date_joined": "2019-01-02T20:25:27.266Z", "email": "peter.plain@makerspaceleiden.nl", "form_on_file": false, "email_confirmed": false, "history_change_reason": null, "history_date": "2019-01-02T20:25:27.266Z", "history_user": null, "history_type": "+"}}, {"model": "members.historicaluser", "pk": 10, "fields": {"id": 5, "password": "pbkdf2_sha256$120000$oHALNvRPf3Xp$lLthEcRxW3WQSVIzWha0AH3pFdCfwrjwW1Wxl0PMJqg=", "last_login": null, "is_superuser": false, "first_name": "Peter", "last_name": "Plain", "is_staff": false, "is_active": true, "date_joined": "2019-01-02T20:25:27.266Z", "email": "peter.plain@makerspaceleiden.nl", "form_on_file": false, "email_confirmed": false, "history_change_reason": null, "history_date": "2019-01-02T20:25:27.364Z", "history_user": null, "history_type": "~"}}, {"model": "members.historicaluser", "pk": 11, "fields": {"id": 6, "password": "", "last_login": null, "is_superuser": false, "first_name": "", "last_name": "", "is_staff": false, "is_active": true, "date_joined": "2019-01-02T20:25:27.418Z", "email": "tom.tags@makerspaceleiden.nl", "form_on_file": false, "email_confirmed": false, "history_change_reason": null, "history_date": "2019-01-02T20:25:27.419Z", "history_user": null, "history_type": "+"}}, {"model": "members.historicaluser", "pk": 12, "fields": {"id": 6, "password": "pbkdf2_sha256$120000$h3zvvUxWPIEm$zkLQFdjVMtyNB+444ir29HnVMPS1CEeLSe7XvGCSYx4=", "last_login": null, "is_superuser": false, "first_name": "Tom", "last_name": "LotsATags", "is_staff": false, "is_active": true, "date_joined": "2019-01-02T20:25:27.418Z", "email": "tom.tags@makerspaceleiden.nl", "form_on_file": false, "email_confirmed": false, "history_change_reason": null, "history_date": "2019-01-02T20:25:27.510Z", "history_user": null, "history_type": "~"}}, {"model": "members.historicaluser", "pk": 13, "fields": {"id": 7, "password": "", "last_login": null, "is_superuser": false, "first_name": "", "last_name": "", "is_staff": false, "is_active": true, "date_joined": "2019-01-02T20:25:27.582Z", "email": "mary.metal@makerspaceleiden.nl", "form_on_file": false, "email_confirmed": false, "history_change_reason": null, "history_date": "2019-01-02T20:25:27.583Z", "history_user": null, "history_type": "+"}}, {"model": "members.historicaluser", "pk": 14, "fields": {"id": 7, "password": "pbkdf2_sha256$120000$wmOanOhjsgdb$V1HeooPnxfIt3TtR3UTd5BDSzn/T9Ysf4+HAGhYJV+8=", "last_login": null, "is_superuser": false, "first_name": "Mary", "last_name": "Metal", "is_staff": false, "is_active": true, "date_joined": "2019-01-02T20:25:27.582Z", "email": "mary.metal@makerspaceleiden.nl", "form_on_file": true, "email_confirmed": false, "history_change_reason": null, "history_date": "2019-01-02T20:25:27.681Z", "history_user": null, "history_type": "~"}}, {"model": "members.historicaluser", "pk": 15, "fields": {"id": 8, "password": "", "last_login": null, "is_superuser": false, "first_name": "", "last_name": "", "is_staff": false, "is_active": true, "date_joined": "2019-01-02T20:25:27.835Z", "email": "mike.newmetal@makerspaceleiden.nl", "form_on_file": false, "email_confirmed": false, "history_change_reason": null, "history_date": "2019-01-02T20:25:27.835Z", "history_user": null, "history_type": "+"}}, {"model": "members.historicaluser", "pk": 16, "fields": {"id": 8, "password": "pbkdf2_sha256$120000$u8ih7cFF7p9t$YPYTucVPfNp48mJnSI3FAjcaRILbuZfofbP9/N/KALY=", "last_login": null, "is_superuser": false, "first_name": "Mike", "last_name": "Newmetal", "is_staff": false, "is_active": true, "date_joined": "2019-01-02T20:25:27.835Z", "email": "mike.newmetal@makerspaceleiden.nl", "form_on_file": true, "email_confirmed": false, "history_change_reason": null, "history_date": "2019-01-02T20:25:27.934Z", "history_user": null, "history_type": "~"}}, {"model": "members.historicaluser", "pk": 17, "fields": {"id": 1, "password": "pbkdf2_sha256$120000$TY4hMK9jYxkN$0BEbC+38ajbxDd4uakNP/FPTUUy7cmIWDy9y5VSqQ9A=", "last_login": "2019-01-02T20:25:38.681Z", "is_superuser": true, "first_name": "('Ad',)", "last_name": "Min", "is_staff": true, "is_active": true, "date_joined": "2019-01-02T20:25:26.383Z", "email": "admin@admin.nl", "form_on_file": false, "email_confirmed": false, "history_change_reason": null, "history_date": "2019-01-02T20:25:38.687Z", "history_user": 1, "history_type": "~"}}, {"model": "members.historicaluser", "pk": 18, "fields": {"id": 2, "password": "pbkdf2_sha256$120000$eqrt8m4dux5r$IPKRtAT8TzQk4TJS1iqfpgVzvAVNK05pqFF7AHGXYrg=", "last_login": null, "is_superuser": false, "first_name": "Theo", "last_name": "Trustuee", "is_staff": true, "is_active": true, "date_joined": "2019-01-02T20:25:26Z", "email": "theo.trustee@makerspaceleiden.nl", "form_on_file": true, "email_confirmed": true, "history_change_reason": null, "history_date": "2019-01-02T20:30:12.448Z", "history_user": 1, "history_type": "~"}}, {"model": "members.historicaluser", "pk": 19, "fields": {"id": 1, "password": "pbkdf2_sha256$120000$TY4hMK9jYxkN$0BEbC+38ajbxDd4uakNP/FPTUUy7cmIWDy9y5VSqQ9A=", "last_login": "2019-01-02T21:08:32.670Z", "is_superuser": true, "first_name": "('Ad',)", "last_name": "Min", "is_staff": true, "is_active": true, "date_joined": "2019-01-02T20:25:26.383Z", "email": "admin@admin.nl", "form_on_file": false, "email_confirmed": false, "history_change_reason": null, "history_date": "2019-01-02T21:08:32.676Z", "history_user": 1, "history_type": "~"}}, {"model": "members.historicaluser", "pk": 20, "fields": {"id": 4, "password": "pbkdf2_sha256$120000$7e6tseRdos9P$G63i47OXNk3XVgqkmjcB/QW0YmSg3xYZ8lNwe2alb5Y=", "last_login": "2019-01-02T21:09:00.613Z", "is_superuser": false, "first_name": "Mary", "last_name": "Maker", "is_staff": false, "is_active": true, "date_joined": "2019-01-02T20:25:27.068Z", "email": "mary.maker@makerspaceleiden.nl", "form_on_file": true, "email_confirmed": false, "history_change_reason": null, "history_date": "2019-01-02T21:09:00.618Z", "history_user": 4, "history_type": "~"}}, {"model": "members.historicaluser", "pk": 21, "fields": {"id": 7, "password": "pbkdf2_sha256$120000$wmOanOhjsgdb$V1HeooPnxfIt3TtR3UTd5BDSzn/T9Ysf4+HAGhYJV+8=", "last_login": "2019-01-02T21:14:27.200Z", "is_superuser": false, "first_name": "Mary", "last_name": "Metal", "is_staff": false, "is_active": true, "date_joined": "2019-01-02T20:25:27.582Z", "email": "mary.metal@makerspaceleiden.nl", "form_on_file": true, "email_confirmed": false, "history_change_reason": null, "history_date": "2019-01-02T21:14:27.206Z", "history_user": 7, "history_type": "~"}}, {"model": "members.historicaluser", "pk": 22, "fields": {"id": 7, "password": "pbkdf2_sha256$120000$wmOanOhjsgdb$V1HeooPnxfIt3TtR3UTd5BDSzn/T9Ysf4+HAGhYJV+8=", "last_login": "2019-01-02T21:14:27.200Z", "is_superuser": false, "first_name": "Mary", "last_name": "Metall", "is_staff": false, "is_active": true, "date_joined": "2019-01-02T20:25:27.582Z", "email": "mary.metal@makerspaceleiden.nl", "form_on_file": true, "email_confirmed": false, "history_change_reason": "Updated through the self-service interface by Mary Metall", "history_date": "2019-01-02T21:16:22.367Z", "history_user": 7, "history_type": "~"}}, {"model": "members.historicaluser", "pk": 23, "fields": {"id": 1, "password": "pbkdf2_sha256$120000$TY4hMK9jYxkN$0BEbC+38ajbxDd4uakNP/FPTUUy7cmIWDy9y5VSqQ9A=", "last_login": "2019-01-11T20:14:21.800Z", "is_superuser": true, "first_name": "('Ad',)", "last_name": "Min", "is_staff": true, "is_active": true, "date_joined": "2019-01-02T20:25:26.383Z", "email": "admin@admin.nl", "form_on_file": false, "email_confirmed": false, "history_change_reason": null, "history_date": "2019-01-11T20:14:21.808Z", "history_user": 1, "history_type": "~"}}, {"model": "members.historicaluser", "pk": 24, "fields": {"id": 7, "password": "pbkdf2_sha256$120000$wmOanOhjsgdb$V1HeooPnxfIt3TtR3UTd5BDSzn/T9Ysf4+HAGhYJV+8=", "last_login": "2019-01-11T20:17:41.065Z", "is_superuser": false, "first_name": "Mary", "last_name": "Metall", "is_staff": false, "is_active": true, "date_joined": "2019-01-02T20:25:27.582Z", "email": "mary.metal@makerspaceleiden.nl", "form_on_file": true, "email_confirmed": false, "history_change_reason": null, "history_date": "2019-01-11T20:17:41.070Z", "history_user": 7, "history_type": "~"}}, {"model": "members.historicaluser", "pk": 25, "fields": {"id": 1, "password": "pbkdf2_sha256$120000$TY4hMK9jYxkN$0BEbC+38ajbxDd4uakNP/FPTUUy7cmIWDy9y5VSqQ9A=", "last_login": "2019-01-11T20:33:40.368Z", "is_superuser": true, "first_name": "('Ad',)", "last_name": "Min", "is_staff": true, "is_active": true, "date_joined": "2019-01-02T20:25:26.383Z", "email": "admin@admin.nl", "form_on_file": false, "email_confirmed": false, "history_change_reason": null, "history_date": "2019-01-11T20:33:40.376Z", "history_user": 1, "history_type": "~"}}, {"model": "members.historicaluser", "pk": 26, "fields": {"id": 1, "password": "pbkdf2_sha256$120000$TY4hMK9jYxkN$0BEbC+38ajbxDd4uakNP/FPTUUy7cmIWDy9y5VSqQ9A=", "last_login": "2019-01-13T08:35:40.215Z", "is_superuser": true, "first_name": "('Ad',)", "last_name": "Min", "is_staff": true, "is_active": true, "date_joined": "2019-01-02T20:25:26.383Z", "email": "admin@admin.nl", "form_on_file": false, "email_confirmed": false, "history_change_reason": null, "history_date": "2019-01-13T08:35:40.220Z", "history_user": 1, "history_type": "~"}}, {"model": "memberbox.memberbox", "pk": 1, "fields": {"location": "L33", "extra_info": "Various tins of paint", "owner": 2}}, {"model": "memberbox.memberbox", "pk": 2, "fields": {"location": "L11", "extra_info": "Small carton box", "owner": 3}}, {"model": "memberbox.memberbox", "pk": 3, "fields": {"location": "L21", "extra_info": "Red box with wires sticking out", "owner": 4}}, {"model": "memberbox.memberbox", "pk": 4, "fields": {"location": "L32", "extra_info": "Blue crate", "owner": 5}}, {"model": "memberbox.memberbox", "pk": 5, "fields": {"location": "L41", "extra_info": "Pile of glass", "owner": 6}}, {"model": "memberbox.memberbox", "pk": 6, "fields": {"location": "L53", "extra_info": "My stuff - do no touch it !", "owner": 7}}, {"model": "memberbox.memberbox", "pk": 7, "fields": {"location": "L31", "extra_info": "my tuff", "owner": 8}}, {"model": "memberbox.historicalmemberbox", "pk": 1, "fields": {"id": 1, "location": "L00", "extra_info": "", "owner": 2, "history_change_reason": null, "history_date": "2019-01-02T20:25:26.738Z", "history_user": null, "history_type": "+"}}, {"model": "memberbox.historicalmemberbox", "pk": 2, "fields": {"id": 1, "location": "L00", "extra_info": "", "owner": 2, "history_change_reason": null, "history_date": "2019-01-02T20:25:26.750Z", "history_user": null, "history_type": "~"}}, {"model": "memberbox.historicalmemberbox", "pk": 3, "fields": {"id": 2, "location": "L10", "extra_info": "", "owner": 3, "history_change_reason": null, "history_date": "2019-01-02T20:25:27.049Z", "history_user": null, "history_type": "+"}}, {"model": "memberbox.historicalmemberbox", "pk": 4, "fields": {"id": 2, "location": "L10", "extra_info": "", "owner": 3, "history_change_reason": null, "history_date": "2019-01-02T20:25:27.060Z", "history_user": null, "history_type": "~"}}, {"model": "memberbox.historicalmemberbox", "pk": 5, "fields": {"id": 3, "location": "L20", "extra_info": "", "owner": 4, "history_change_reason": null, "history_date": "2019-01-02T20:25:27.248Z", "history_user": null, "history_type": "+"}}, {"model": "memberbox.historicalmemberbox", "pk": 6, "fields": {"id": 3, "location": "L20", "extra_info": "", "owner": 4, "history_change_reason": null, "history_date": "2019-01-02T20:25:27.259Z", "history_user": null, "history_type": "~"}}, {"model": "memberbox.historicalmemberbox", "pk": 7, "fields": {"id": 4, "location": "L30", "extra_info": "", "owner": 5, "history_change_reason": null, "history_date": "2019-01-02T20:25:27.402Z", "history_user": null, "history_type": "+"}}, {"model": "memberbox.historicalmemberbox", "pk": 8, "fields": {"id": 4, "location": "L30", "extra_info": "", "owner": 5, "history_change_reason": null, "history_date": "2019-01-02T20:25:27.412Z", "history_user": null, "history_type": "~"}}, {"model": "memberbox.historicalmemberbox", "pk": 9, "fields": {"id": 5, "location": "L40", "extra_info": "", "owner": 6, "history_change_reason": null, "history_date": "2019-01-02T20:25:27.557Z", "history_user": null, "history_type": "+"}}, {"model": "memberbox.historicalmemberbox", "pk": 10, "fields": {"id": 5, "location": "L40", "extra_info": "", "owner": 6, "history_change_reason": null, "history_date": "2019-01-02T20:25:27.572Z", "history_user": null, "history_type": "~"}}, {"model": "memberbox.historicalmemberbox", "pk": 11, "fields": {"id": 6, "location": "L50", "extra_info": "", "owner": 7, "history_change_reason": null, "history_date": "2019-01-02T20:25:27.817Z", "history_user": null, "history_type": "+"}}, {"model": "memberbox.historicalmemberbox", "pk": 12, "fields": {"id": 6, "location": "L50", "extra_info": "", "owner": 7, "history_change_reason": null, "history_date": "2019-01-02T20:25:27.828Z", "history_user": null, "history_type": "~"}}, {"model": "memberbox.historicalmemberbox", "pk": 13, "fields": {"id": 7, "location": "L01", "extra_info": "", "owner": 8, "history_change_reason": null, "history_date": "2019-01-02T20:25:28.021Z", "history_user": null, "history_type": "+"}}, {"model": "memberbox.historicalmemberbox", "pk": 14, "fields": {"id": 7, "location": "L01", "extra_info": "", "owner": 8, "history_change_reason": null, "history_date": "2019-01-02T20:25:28.033Z", "history_user": null, "history_type": "~"}}, {"model": "memberbox.historicalmemberbox", "pk": 15, "fields": {"id": 3, "location": "L21", "extra_info": "Red box with wires sticking out", "owner": 4, "history_change_reason": "Updated through the self-service interface by ('Ad',) Min", "history_date": "2019-01-02T20:40:17.321Z", "history_user": 1, "history_type": "~"}}, {"model": "memberbox.historicalmemberbox", "pk": 16, "fields": {"id": 2, "location": "L11", "extra_info": "Small carton box", "owner": 3, "history_change_reason": "Updated through the self-service interface by ('Ad',) Min", "history_date": "2019-01-02T20:41:05.226Z", "history_user": 1, "history_type": "~"}}, {"model": "memberbox.historicalmemberbox", "pk": 17, "fields": {"id": 5, "location": "L41", "extra_info": "Pile of glass", "owner": 6, "history_change_reason": "Updated through the self-service interface by ('Ad',) Min", "history_date": "2019-01-02T20:41:38.021Z", "history_user": 1, "history_type": "~"}}, {"model": "memberbox.historicalmemberbox", "pk": 18, "fields": {"id": 6, "location": "L53", "extra_info": "My stuff - do no touch it !", "owner": 7, "history_change_reason": "Updated through the self-service interface by ('Ad',) Min", "history_date": "2019-01-02T20:41:58.015Z", "history_user": 1, "history_type": "~"}}, {"model": "memberbox.historicalmemberbox", "pk": 19, "fields": {"id": 7, "location": "L31", "extra_info": "my tuff", "owner": 8, "history_change_reason": "Updated through the self-service interface by ('Ad',) Min", "history_date": "2019-01-02T20:42:27.285Z", "history_user": 1, "history_type": "~"}}, {"model": "memberbox.historicalmemberbox", "pk": 20, "fields": {"id": 4, "location": "L32", "extra_info": "Blue crate", "owner": 5, "history_change_reason": "Updated through the self-service interface by ('Ad',) Min", "history_date": "2019-01-02T20:42:42.698Z", "history_user": 1, "history_type": "~"}}, {"model": "memberbox.historicalmemberbox", "pk": 21, "fields": {"id": 1, "location": "L33", "extra_info": "Various tins of paint", "owner": 2, "history_change_reason": "Updated through the self-service interface by ('Ad',) Min", "history_date": "2019-01-02T20:43:05.316Z", "history_user": 1, "history_type": "~"}}, {"model": "storage.storage", "pk": 1, "fields": {"what": "Bike", "location": "Corridor next to the washbasin", "extra_info": "Working on my bike; waiting for new argon gas. \r\n\r\nShould be done next week.", "owner": 7, "requested": "2019-01-02", "duration": 10, "state": "AG", "extends": null, "lastdate": null}}, {"model": "storage.storage", "pk": 2, "fields": {"what": "Pallets", "location": "Floor in the wood workshop", "extra_info": "Have no room for this at home.", "owner": 5, "requested": "2019-01-02", "duration": 300, "state": "R", "extends": null, "lastdate": null}}, {"model": "storage.storage", "pk": 3, "fields": {"what": "500Liter LPG Gas tank", "location": "Near the back door", "extra_info": "No room for this at home.", "owner": 5, "requested": "2019-01-02", "duration": 30, "state": "NO", "extends": null, "lastdate": null}}, {"model": "storage.storage", "pk": 4, "fields": {"what": "metal container", "location": "near door", "extra_info": "as I am tierd of lugging ithome", "owner": 7, "requested": "2019-01-12", "duration": 30, "state": "AG", "extends": null, "lastdate": null}}, {"model": "storage.storage", "pk": 5, "fields": {"what": "metal container", "location": "near door", "extra_info": "as I am tierd of lugging ithome", "owner": 7, "requested": "2019-01-12", "duration": 30, "state": "AG", "extends": null, "lastdate": null}}, {"model": "storage.storage", "pk": 6, "fields": {"what": "metal container", "location": "near door", "extra_info": "as I am tierd of lugging ithome", "owner": 7, "requested": "2019-01-12", "duration": 30, "state": "AG", "extends": null, "lastdate": null}}, {"model": "storage.storage", "pk": 7, "fields": {"what": "metal container", "location": "near door", "extra_info": "as I am tierd of lugging ithome", "owner": 7, "requested": "2019-01-12", "duration": 30, "state": "AG", "extends": null, "lastdate": null}}, {"model": "storage.storage", "pk": 8, "fields": {"what": "metal container", "location": "near door", "extra_info": "as I am tierd of lugging ithome", "owner": 7, "requested": "2019-01-12", "duration": 30, "state": "AG", "extends": null, "lastdate": null}}, {"model": "storage.storage", "pk": 9, "fields": {"what": "metal container", "location": "near door", "extra_info": "as I am tierd of lugging ithome", "owner": 7, "requested": "2019-01-12", "duration": 30, "state": "AG", "extends": null, "lastdate": null}}, {"model": "storage.storage", "pk": 10, "fields": {"what": "metal container", "location": "near door", "extra_info": "as I am tierd of lugging ithome", "owner": 7, "requested": "2019-01-12", "duration": 30, "state": "AG", "extends": null, "lastdate": null}}, {"model": "storage.storage", "pk": 11, "fields": {"what": "metal container", "location": "near door", "extra_info": "as I am tierd of lugging ithome", "owner": 7, "requested": "2019-01-12", "duration": 30, "state": "AG", "extends": null, "lastdate": null}}, {"model": "storage.storage", "pk": 12, "fields": {"what": "metal container", "location": "near door", "extra_info": "as I am tierd of lugging ithome", "owner": 7, "requested": "2019-01-12", "duration": 30, "state": "AG", "extends": null, "lastdate": null}}, {"model": "storage.storage", "pk": 13, "fields": {"what": "metal container", "location": "near door", "extra_info": "as I am tierd of lugging ithome", "owner": 7, "requested": "2019-01-12", "duration": 30, "state": "AG", "extends": null, "lastdate": null}}, {"model": "storage.storage", "pk": 14, "fields": {"what": "metal container", "location": "near door", "extra_info": "as I am tierd of lugging ithome", "owner": 7, "requested": "2019-01-12", "duration": 30, "state": "AG", "extends": null, "lastdate": null}}, {"model": "storage.storage", "pk": 15, "fields": {"what": "asdfasdfasfd", "location": "sdfasfds", "extra_info": "asfadsfsa", "owner": 7, "requested": "2019-01-12", "duration": 30, "state": "AG", "extends": null, "lastdate": null}}, {"model": "storage.storage", "pk": 16, "fields": {"what": "asdfasdfasfd", "location": "sdfasfds", "extra_info": "asfadsfsa", "owner": 7, "requested": "2019-01-12", "duration": 30, "state": "AG", "extends": null, "lastdate": null}}, {"model": "storage.storage", "pk": 17, "fields": {"what": "sdgdfsg", "location": "sgdfsgfddsggds", "extra_info": "gsdfgds", "owner": 7, "requested": "2019-01-12", "duration": 300, "state": "R", "extends": null, "lastdate": null}}, {"model": "storage.storage", "pk": 18, "fields": {"what": "sdgdfsg", "location": "sgdfsgfddsggds", "extra_info": "gsdfgds", "owner": 7, "requested": "2019-01-12", "duration": 300, "state": "R", "extends": null, "lastdate": null}}, {"model": "storage.storage", "pk": 19, "fields": {"what": "sdgdfsg", "location": "sgdfsgfddsggds", "extra_info": "gsdfgds", "owner": 7, "requested": "2019-01-12", "duration": 300, "state": "R", "extends": null, "lastdate": null}}, {"model": "storage.storage", "pk": 20, "fields": {"what": "sdgdfsg", "location": "sgdfsgfddsggds", "extra_info": "gsdfgds", "owner": 7, "requested": "2019-01-12", "duration": 300, "state": "R", "extends": null, "lastdate": null}}, {"model": "storage.storage", "pk": 21, "fields": {"what": "sdgdfsg", "location": "sgdfsgfddsggds", "extra_info": "gsdfgds", "owner": 7, "requested": "2019-01-12", "duration": 300, "state": "R", "extends": null, "lastdate": null}}, {"model": "storage.historicalstorage", "pk": 1, "fields": {"id": 1, "what": "Bike", "location": "Corridor next to the washbasin", "extra_info": "Working on my bike; waiting for new argon gas. \r\n\r\nShould be done next week.", "requested": "2019-01-02", "duration": 10, "state": "AG", "lastdate": null, "owner": 7, "extends": null, "history_change_reason": null, "history_date": "2019-01-02T20:37:44.609Z", "history_user": 1, "history_type": "+"}}, {"model": "storage.historicalstorage", "pk": 2, "fields": {"id": 2, "what": "Pallets", "location": "Floor in the wood workshop", "extra_info": "Have no room for this at home.", "requested": "2019-01-02", "duration": 300, "state": "R", "lastdate": null, "owner": 5, "extends": null, "history_change_reason": null, "history_date": "2019-01-02T20:38:39.734Z", "history_user": 1, "history_type": "+"}}, {"model": "storage.historicalstorage", "pk": 3, "fields": {"id": 3, "what": "500Liter LPG Gas tank", "location": "Near the back door", "extra_info": "No room for this at home.", "requested": "2019-01-02", "duration": 30, "state": "NO", "lastdate": null, "owner": 5, "extends": null, "history_change_reason": null, "history_date": "2019-01-02T20:39:19.944Z", "history_user": 1, "history_type": "+"}}, {"model": "storage.historicalstorage", "pk": 4, "fields": {"id": 4, "what": "metal container", "location": "near door", "extra_info": "as I am tierd of lugging ithome", "requested": "2019-01-12", "duration": 30, "state": "", "lastdate": null, "owner": 7, "extends": null, "history_change_reason": "Created through the self-service interface by Mary Metall", "history_date": "2019-01-12T21:25:10.140Z", "history_user": 7, "history_type": "+"}}, {"model": "storage.historicalstorage", "pk": 5, "fields": {"id": 4, "what": "metal container", "location": "near door", "extra_info": "as I am tierd of lugging ithome", "requested": "2019-01-12", "duration": 30, "state": "AG", "lastdate": null, "owner": 7, "extends": null, "history_change_reason": "[rule] Auto approved (month or less)", "history_date": "2019-01-12T21:25:10.153Z", "history_user": null, "history_type": "~"}}, {"model": "storage.historicalstorage", "pk": 6, "fields": {"id": 5, "what": "metal container", "location": "near door", "extra_info": "as I am tierd of lugging ithome", "requested": "2019-01-12", "duration": 30, "state": "", "lastdate": null, "owner": 7, "extends": null, "history_change_reason": "Created through the self-service interface by Mary Metall", "history_date": "2019-01-12T21:26:10.311Z", "history_user": 7, "history_type": "+"}}, {"model": "storage.historicalstorage", "pk": 7, "fields": {"id": 5, "what": "metal container", "location": "near door", "extra_info": "as I am tierd of lugging ithome", "requested": "2019-01-12", "duration": 30, "state": "AG", "lastdate": null, "owner": 7, "extends": null, "history_change_reason": "[rule] Auto approved (month or less)", "history_date": "2019-01-12T21:26:10.325Z", "history_user": null, "history_type": "~"}}, {"model": "storage.historicalstorage", "pk": 8, "fields": {"id": 6, "what": "metal container", "location": "near door", "extra_info": "as I am tierd of lugging ithome", "requested": "2019-01-12", "duration": 30, "state": "", "lastdate": null, "owner": 7, "extends": null, "history_change_reason": "Created through the self-service interface by Mary Metall", "history_date": "2019-01-12T21:26:52.068Z", "history_user": 7, "history_type": "+"}}, {"model": "storage.historicalstorage", "pk": 9, "fields": {"id": 6, "what": "metal container", "location": "near door", "extra_info": "as I am tierd of lugging ithome", "requested": "2019-01-12", "duration": 30, "state": "AG", "lastdate": null, "owner": 7, "extends": null, "history_change_reason": "[rule] Auto approved (month or less)", "history_date": "2019-01-12T21:26:52.082Z", "history_user": null, "history_type": "~"}}, {"model": "storage.historicalstorage", "pk": 10, "fields": {"id": 7, "what": "metal container", "location": "near door", "extra_info": "as I am tierd of lugging ithome", "requested": "2019-01-12", "duration": 30, "state": "", "lastdate": null, "owner": 7, "extends": null, "history_change_reason": "Created through the self-service interface by Mary Metall", "history_date": "2019-01-12T21:28:21.762Z", "history_user": 7, "history_type": "+"}}, {"model": "storage.historicalstorage", "pk": 11, "fields": {"id": 7, "what": "metal container", "location": "near door", "extra_info": "as I am tierd of lugging ithome", "requested": "2019-01-12", "duration": 30, "state": "AG", "lastdate": null, "owner": 7, "extends": null, "history_change_reason": "[rule] Auto approved (month or less)", "history_date": "2019-01-12T21:28:21.774Z", "history_user": null, "history_type": "~"}}, {"model": "storage.historicalstorage", "pk": 12, "fields": {"id": 8, "what": "metal container", "location": "near door", "extra_info": "as I am tierd of lugging ithome", "requested": "2019-01-12", "duration": 30, "state": "", "lastdate": null, "owner": 7, "extends": null, "history_change_reason": "Created through the self-service interface by Mary Metall", "history_date": "2019-01-12T21:29:04.221Z", "history_user": 7, "history_type": "+"}}, {"model": "storage.historicalstorage", "pk": 13, "fields": {"id": 8, "what": "metal container", "location": "near door", "extra_info": "as I am tierd of lugging ithome", "requested": "2019-01-12", "duration": 30, "state": "AG", "lastdate": null, "owner": 7, "extends": null, "history_change_reason": "[rule] Auto approved (month or less)", "history_date": "2019-01-12T21:29:04.232Z", "history_user": null, "history_type": "~"}}, {"model": "storage.historicalstorage", "pk": 14, "fields": {"id": 9, "what": "metal container", "location": "near door", "extra_info": "as I am tierd of lugging ithome", "requested": "2019-01-12", "duration": 30, "state": "", "lastdate": null, "owner": 7, "extends": null, "history_change_reason": "Created through the self-service interface by Mary Metall", "history_date": "2019-01-12T21:29:40.400Z", "history_user": 7, "history_type": "+"}}, {"model": "storage.historicalstorage", "pk": 15, "fields": {"id": 9, "what": "metal container", "location": "near door", "extra_info": "as I am tierd of lugging ithome", "requested": "2019-01-12", "duration": 30, "state": "AG", "lastdate": null, "owner": 7, "extends": null, "history_change_reason": "[rule] Auto approved (month or less)", "history_date": "2019-01-12T21:29:40.412Z", "history_user": null, "history_type": "~"}}, {"model": "storage.historicalstorage", "pk": 16, "fields": {"id": 10, "what": "metal container", "location": "near door", "extra_info": "as I am tierd of lugging ithome", "requested": "2019-01-12", "duration": 30, "state": "", "lastdate": null, "owner": 7, "extends": null, "history_change_reason": "Created through the self-service interface by Mary Metall", "history_date": "2019-01-12T21:32:57.071Z", "history_user": 7, "history_type": "+"}}, {"model": "storage.historicalstorage", "pk": 17, "fields": {"id": 10, "what": "metal container", "location": "near door", "extra_info": "as I am tierd of lugging ithome", "requested": "2019-01-12", "duration": 30, "state": "AG", "lastdate": null, "owner": 7, "extends": null, "history_change_reason": "[rule] Auto approved (month or less)", "history_date": "2019-01-12T21:32:57.084Z", "history_user": null, "history_type": "~"}}, {"model": "storage.historicalstorage", "pk": 18, "fields": {"id": 11, "what": "metal container", "location": "near door", "extra_info": "as I am tierd of lugging ithome", "requested": "2019-01-12", "duration": 30, "state": "", "lastdate": null, "owner": 7, "extends": null, "history_change_reason": "Created through the self-service interface by Mary Metall", "history_date": "2019-01-12T21:33:24.081Z", "history_user": 7, "history_type": "+"}}, {"model": "storage.historicalstorage", "pk": 19, "fields": {"id": 11, "what": "metal container", "location": "near door", "extra_info": "as I am tierd of lugging ithome", "requested": "2019-01-12", "duration": 30, "state": "AG", "lastdate": null, "owner": 7, "extends": null, "history_change_reason": "[rule] Auto approved (month or less)", "history_date": "2019-01-12T21:33:24.092Z", "history_user": null, "history_type": "~"}}, {"model": "storage.historicalstorage", "pk": 20, "fields": {"id": 12, "what": "metal container", "location": "near door", "extra_info": "as I am tierd of lugging ithome", "requested": "2019-01-12", "duration": 30, "state": "", "lastdate": null, "owner": 7, "extends": null, "history_change_reason": "Created through the self-service interface by Mary Metall", "history_date": "2019-01-12T21:33:46.346Z", "history_user": 7, "history_type": "+"}}, {"model": "storage.historicalstorage", "pk": 21, "fields": {"id": 12, "what": "metal container", "location": "near door", "extra_info": "as I am tierd of lugging ithome", "requested": "2019-01-12", "duration": 30, "state": "AG", "lastdate": null, "owner": 7, "extends": null, "history_change_reason": "[rule] Auto approved (month or less)", "history_date": "2019-01-12T21:33:46.359Z", "history_user": null, "history_type": "~"}}, {"model": "storage.historicalstorage", "pk": 22, "fields": {"id": 13, "what": "metal container", "location": "near door", "extra_info": "as I am tierd of lugging ithome", "requested": "2019-01-12", "duration": 30, "state": "", "lastdate": null, "owner": 7, "extends": null, "history_change_reason": "Created through the self-service interface by Mary Metall", "history_date": "2019-01-12T21:34:29.791Z", "history_user": 7, "history_type": "+"}}, {"model": "storage.historicalstorage", "pk": 23, "fields": {"id": 13, "what": "metal container", "location": "near door", "extra_info": "as I am tierd of lugging ithome", "requested": "2019-01-12", "duration": 30, "state": "AG", "lastdate": null, "owner": 7, "extends": null, "history_change_reason": "[rule] Auto approved (month or less)", "history_date": "2019-01-12T21:34:29.804Z", "history_user": null, "history_type": "~"}}, {"model": "storage.historicalstorage", "pk": 24, "fields": {"id": 14, "what": "metal container", "location": "near door", "extra_info": "as I am tierd of lugging ithome", "requested": "2019-01-12", "duration": 30, "state": "", "lastdate": null, "owner": 7, "extends": null, "history_change_reason": "Created through the self-service interface by Mary Metall", "history_date": "2019-01-12T21:35:11.368Z", "history_user": 7, "history_type": "+"}}, {"model": "storage.historicalstorage", "pk": 25, "fields": {"id": 14, "what": "metal container", "location": "near door", "extra_info": "as I am tierd of lugging ithome", "requested": "2019-01-12", "duration": 30, "state": "AG", "lastdate": null, "owner": 7, "extends": null, "history_change_reason": "[rule] Auto approved (month or less)", "history_date": "2019-01-12T21:35:11.381Z", "history_user": null, "history_type": "~"}}, {"model": "storage.historicalstorage", "pk": 26, "fields": {"id": 15, "what": "asdfasdfasfd", "location": "sdfasfds", "extra_info": "asfadsfsa", "requested": "2019-01-12", "duration": 30, "state": "", "lastdate": null, "owner": 7, "extends": null, "history_change_reason": "Created through the self-service interface by Mary Metall", "history_date": "2019-01-12T21:43:44.111Z", "history_user": 7, "history_type": "+"}}, {"model": "storage.historicalstorage", "pk": 27, "fields": {"id": 15, "what": "asdfasdfasfd", "location": "sdfasfds", "extra_info": "asfadsfsa", "requested": "2019-01-12", "duration": 30, "state": "AG", "lastdate": null, "owner": 7, "extends": null, "history_change_reason": "[rule] Auto approved (month or less)", "history_date": "2019-01-12T21:43:44.126Z", "history_user": null, "history_type": "~"}}, {"model": "storage.historicalstorage", "pk": 28, "fields": {"id": 16, "what": "asdfasdfasfd", "location": "sdfasfds", "extra_info": "asfadsfsa", "requested": "2019-01-12", "duration": 30, "state": "", "lastdate": null, "owner": 7, "extends": null, "history_change_reason": "Created through the self-service interface by Mary Metall", "history_date": "2019-01-12T21:44:49.027Z", "history_user": 7, "history_type": "+"}}, {"model": "storage.historicalstorage", "pk": 29, "fields": {"id": 16, "what": "asdfasdfasfd", "location": "sdfasfds", "extra_info": "asfadsfsa", "requested": "2019-01-12", "duration": 30, "state": "AG", "lastdate": null, "owner": 7, "extends": null, "history_change_reason": "[rule] Auto approved (month or less)", "history_date": "2019-01-12T21:44:49.042Z", "history_user": null, "history_type": "~"}}, {"model": "storage.historicalstorage", "pk": 30, "fields": {"id": 17, "what": "sdgdfsg", "location": "sgdfsgfddsggds", "extra_info": "gsdfgds", "requested": "2019-01-12", "duration": 300, "state": "", "lastdate": null, "owner": 7, "extends": null, "history_change_reason": "Created through the self-service interface by Mary Metall", "history_date": "2019-01-12T21:48:38.422Z", "history_user": 7, "history_type": "+"}}, {"model": "storage.historicalstorage", "pk": 31, "fields": {"id": 17, "what": "sdgdfsg", "location": "sgdfsgfddsggds", "extra_info": "gsdfgds", "requested": "2019-01-12", "duration": 300, "state": "R", "lastdate": null, "owner": 7, "extends": null, "history_change_reason": "[rule] State set to R", "history_date": "2019-01-12T21:48:38.438Z", "history_user": null, "history_type": "~"}}, {"model": "storage.historicalstorage", "pk": 32, "fields": {"id": 18, "what": "sdgdfsg", "location": "sgdfsgfddsggds", "extra_info": "gsdfgds", "requested": "2019-01-12", "duration": 300, "state": "", "lastdate": null, "owner": 7, "extends": null, "history_change_reason": "Created through the self-service interface by Mary Metall", "history_date": "2019-01-12T21:49:00.420Z", "history_user": 7, "history_type": "+"}}, {"model": "storage.historicalstorage", "pk": 33, "fields": {"id": 18, "what": "sdgdfsg", "location": "sgdfsgfddsggds", "extra_info": "gsdfgds", "requested": "2019-01-12", "duration": 300, "state": "R", "lastdate": null, "owner": 7, "extends": null, "history_change_reason": "[rule] State set to R", "history_date": "2019-01-12T21:49:00.432Z", "history_user": null, "history_type": "~"}}, {"model": "storage.historicalstorage", "pk": 34, "fields": {"id": 19, "what": "sdgdfsg", "location": "sgdfsgfddsggds", "extra_info": "gsdfgds", "requested": "2019-01-12", "duration": 300, "state": "", "lastdate": null, "owner": 7, "extends": null, "history_change_reason": "Created through the self-service interface by Mary Metall", "history_date": "2019-01-12T21:54:39.601Z", "history_user": 7, "history_type": "+"}}, {"model": "storage.historicalstorage", "pk": 35, "fields": {"id": 19, "what": "sdgdfsg", "location": "sgdfsgfddsggds", "extra_info": "gsdfgds", "requested": "2019-01-12", "duration": 300, "state": "R", "lastdate": null, "owner": 7, "extends": null, "history_change_reason": "[rule] State set to R", "history_date": "2019-01-12T21:54:39.619Z", "history_user": null, "history_type": "~"}}, {"model": "storage.historicalstorage", "pk": 36, "fields": {"id": 20, "what": "sdgdfsg", "location": "sgdfsgfddsggds", "extra_info": "gsdfgds", "requested": "2019-01-12", "duration": 300, "state": "", "lastdate": null, "owner": 7, "extends": null, "history_change_reason": "Created through the self-service interface by Mary Metall", "history_date": "2019-01-12T21:54:42.230Z", "history_user": 7, "history_type": "+"}}, {"model": "storage.historicalstorage", "pk": 37, "fields": {"id": 20, "what": "sdgdfsg", "location": "sgdfsgfddsggds", "extra_info": "gsdfgds", "requested": "2019-01-12", "duration": 300, "state": "R", "lastdate": null, "owner": 7, "extends": null, "history_change_reason": "[rule] State set to R", "history_date": "2019-01-12T21:54:42.243Z", "history_user": null, "history_type": "~"}}, {"model": "storage.historicalstorage", "pk": 38, "fields": {"id": 21, "what": "sdgdfsg", "location": "sgdfsgfddsggds", "extra_info": "gsdfgds", "requested": "2019-01-12", "duration": 300, "state": "", "lastdate": null, "owner": 7, "extends": null, "history_change_reason": "Created through the self-service interface by Mary Metall", "history_date": "2019-01-12T21:55:00.840Z", "history_user": 7, "history_type": "+"}}, {"model": "storage.historicalstorage", "pk": 39, "fields": {"id": 21, "what": "sdgdfsg", "location": "sgdfsgfddsggds", "extra_info": "gsdfgds", "requested": "2019-01-12", "duration": 300, "state": "R", "lastdate": null, "owner": 7, "extends": null, "history_change_reason": "[rule] State set to R", "history_date": "2019-01-12T21:55:00.861Z", "history_user": null, "history_type": "~"}}, {"model": "members.historicaltag", "pk": 1, "fields": {"id": 1, "tag": "23432432432", "owner": 3, "history_change_reason": null, "history_date": "2019-01-02T20:49:01.455Z", "history_user": 1, "history_type": "+"}}, {"model": "members.historicaltag", "pk": 2, "fields": {"id": 2, "tag": "asfadsfads", "owner": 5, "history_change_reason": null, "history_date": "2019-01-02T20:49:10.218Z", "history_user": 1, "history_type": "+"}}, {"model": "members.historicaltag", "pk": 3, "fields": {"id": 3, "tag": "321312", "owner": 3, "history_change_reason": null, "history_date": "2019-01-02T20:49:17.645Z", "history_user": 1, "history_type": "+"}}, {"model": "members.historicaltag", "pk": 4, "fields": {"id": 4, "tag": "131321", "owner": 6, "history_change_reason": null, "history_date": "2019-01-02T20:49:26.335Z", "history_user": 1, "history_type": "+"}}, {"model": "members.historicaltag", "pk": 5, "fields": {"id": 4, "tag": "3121121", "owner": 6, "history_change_reason": null, "history_date": "2019-01-02T20:49:30.951Z", "history_user": 1, "history_type": "~"}}, {"model": "members.historicaltag", "pk": 6, "fields": {"id": 4, "tag": "3121312", "owner": 6, "history_change_reason": null, "history_date": "2019-01-02T20:49:34.860Z", "history_user": 1, "history_type": "~"}}, {"model": "members.historicaltag", "pk": 7, "fields": {"id": 4, "tag": "31255454", "owner": 7, "history_change_reason": null, "history_date": "2019-01-02T20:49:45.286Z", "history_user": 1, "history_type": "~"}}, {"model": "members.historicaltag", "pk": 8, "fields": {"id": 5, "tag": "5454", "owner": 5, "history_change_reason": null, "history_date": "2019-01-02T20:49:50.042Z", "history_user": 1, "history_type": "+"}}, {"model": "members.historicaltag", "pk": 9, "fields": {"id": 6, "tag": "454454", "owner": 7, "history_change_reason": null, "history_date": "2019-01-02T20:49:55.976Z", "history_user": 1, "history_type": "+"}}, {"model": "members.historicaltag", "pk": 10, "fields": {"id": 7, "tag": "45454", "owner": 8, "history_change_reason": null, "history_date": "2019-01-02T20:50:02.866Z", "history_user": 1, "history_type": "+"}}, {"model": "members.historicaltag", "pk": 11, "fields": {"id": 8, "tag": "5444", "owner": 2, "history_change_reason": null, "history_date": "2019-01-02T20:50:10.560Z", "history_user": 1, "history_type": "+"}}, {"model": "members.historicaltag", "pk": 12, "fields": {"id": 9, "tag": "41243242", "owner": 6, "history_change_reason": null, "history_date": "2019-01-02T20:50:49.905Z", "history_user": 1, "history_type": "+"}}, {"model": "members.historicaltag", "pk": 13, "fields": {"id": 10, "tag": "1", "owner": 6, "history_change_reason": null, "history_date": "2019-01-02T20:54:22.602Z", "history_user": 1, "history_type": "+"}}, {"model": "members.historicaltag", "pk": 14, "fields": {"id": 10, "tag": "12", "owner": 6, "history_change_reason": null, "history_date": "2019-01-02T20:54:26.471Z", "history_user": 1, "history_type": "~"}}, {"model": "members.historicaltag", "pk": 15, "fields": {"id": 10, "tag": "12", "owner": 6, "history_change_reason": null, "history_date": "2019-01-02T20:54:27.304Z", "history_user": 1, "history_type": "~"}}, {"model": "members.historicaltag", "pk": 16, "fields": {"id": 10, "tag": "123", "owner": 6, "history_change_reason": null, "history_date": "2019-01-02T20:54:30.470Z", "history_user": 1, "history_type": "~"}}, {"model": "members.historicaltag", "pk": 17, "fields": {"id": 11, "tag": "32232", "owner": 6, "history_change_reason": null, "history_date": "2019-01-02T20:57:47.138Z", "history_user": 1, "history_type": "+"}}, {"model": "members.historicaltag", "pk": 18, "fields": {"id": 12, "tag": "22", "owner": 6, "history_change_reason": null, "history_date": "2019-01-02T20:57:55.272Z", "history_user": 1, "history_type": "+"}}, {"model": "members.historicaltag", "pk": 19, "fields": {"id": 13, "tag": "444", "owner": 6, "history_change_reason": null, "history_date": "2019-01-02T20:58:05.499Z", "history_user": 1, "history_type": "+"}}, {"model": "members.tag", "pk": 1, "fields": {"owner": 3, "tag": "23432432432"}}, {"model": "members.tag", "pk": 2, "fields": {"owner": 5, "tag": "asfadsfads"}}, {"model": "members.tag", "pk": 3, "fields": {"owner": 3, "tag": "321312"}}, {"model": "members.tag", "pk": 4, "fields": {"owner": 7, "tag": "31255454"}}, {"model": "members.tag", "pk": 5, "fields": {"owner": 5, "tag": "5454"}}, {"model": "members.tag", "pk": 6, "fields": {"owner": 7, "tag": "454454"}}, {"model": "members.tag", "pk": 7, "fields": {"owner": 8, "tag": "45454"}}, {"model": "members.tag", "pk": 8, "fields": {"owner": 2, "tag": "5444"}}, {"model": "members.tag", "pk": 9, "fields": {"owner": 6, "tag": "41243242"}}, {"model": "members.tag", "pk": 10, "fields": {"owner": 6, "tag": "123"}}, {"model": "members.tag", "pk": 11, "fields": {"owner": 6, "tag": "32232"}}, {"model": "members.tag", "pk": 12, "fields": {"owner": 6, "tag": "22"}}, {"model": "members.tag", "pk": 13, "fields": {"owner": 6, "tag": "444"}}, {"model": "acl.historicalpermittype", "pk": 1, "fields": {"id": 1, "name": "metalstuff", "description": "", "permit": null, "history_change_reason": null, "history_date": "2019-01-02T20:25:25.712Z", "history_user": null, "history_type": "+"}}, {"model": "acl.historicalpermittype", "pk": 2, "fields": {"id": 1, "name": "metalstuff", "description": "Permit to use metalstuff", "permit": null, "history_change_reason": "Added during bulk import.", "history_date": "2019-01-02T20:25:25.731Z", "history_user": null, "history_type": "~"}}, {"model": "acl.historicalpermittype", "pk": 3, "fields": {"id": 1, "name": "metalstuff", "description": "Permit to use metalstuff", "permit": null, "history_change_reason": "Added during bulk import.", "history_date": "2019-01-02T20:25:25.781Z", "history_user": null, "history_type": "~"}}, {"model": "acl.historicalpermittype", "pk": 4, "fields": {"id": 2, "name": "tablesaw", "description": "", "permit": null, "history_change_reason": null, "history_date": "2019-01-02T20:25:25.825Z", "history_user": null, "history_type": "+"}}, {"model": "acl.historicalpermittype", "pk": 5, "fields": {"id": 2, "name": "tablesaw", "description": "Permit to use tablesaw", "permit": null, "history_change_reason": "Added during bulk import.", "history_date": "2019-01-02T20:25:25.837Z", "history_user": null, "history_type": "~"}}, {"model": "acl.historicalpermittype", "pk": 6, "fields": {"id": 3, "name": "Wood Instruction", "description": "", "permit": null, "history_change_reason": null, "history_date": "2019-01-02T20:25:26.503Z", "history_user": null, "history_type": "+"}}, {"model": "acl.historicalpermittype", "pk": 7, "fields": {"id": 3, "name": "Wood Instruction", "description": "Can issue wood machine entitlement", "permit": null, "history_change_reason": null, "history_date": "2019-01-02T20:25:26.514Z", "history_user": null, "history_type": "~"}}, {"model": "acl.historicalpermittype", "pk": 8, "fields": {"id": 2, "name": "tablesaw", "description": "The tablesaw permit", "permit": 3, "history_change_reason": null, "history_date": "2019-01-02T20:25:26.643Z", "history_user": null, "history_type": "~"}}, {"model": "acl.historicalpermittype", "pk": 9, "fields": {"id": 4, "name": "doors", "description": "", "permit": null, "history_change_reason": null, "history_date": "2019-01-02T20:25:26.684Z", "history_user": null, "history_type": "+"}}, {"model": "acl.historicalpermittype", "pk": 10, "fields": {"id": 4, "name": "doors", "description": "The doors permit", "permit": 3, "history_change_reason": null, "history_date": "2019-01-02T20:25:26.697Z", "history_user": null, "history_type": "~"}}, {"model": "acl.historicalpermittype", "pk": 11, "fields": {"id": 2, "name": "tablesaw", "description": "The tablesaw permit", "permit": 3, "history_change_reason": null, "history_date": "2019-01-02T20:25:26.870Z", "history_user": null, "history_type": "~"}}, {"model": "acl.historicalpermittype", "pk": 12, "fields": {"id": 4, "name": "doors", "description": "The doors permit", "permit": 3, "history_change_reason": null, "history_date": "2019-01-02T20:25:26.908Z", "history_user": null, "history_type": "~"}}, {"model": "acl.historicalpermittype", "pk": 13, "fields": {"id": 5, "name": "instruct", "description": "", "permit": null, "history_change_reason": null, "history_date": "2019-01-02T20:25:26.944Z", "history_user": null, "history_type": "+"}}, {"model": "acl.historicalpermittype", "pk": 14, "fields": {"id": 5, "name": "instruct", "description": "The instruct permit", "permit": 3, "history_change_reason": null, "history_date": "2019-01-02T20:25:26.956Z", "history_user": null, "history_type": "~"}}, {"model": "acl.historicalpermittype", "pk": 15, "fields": {"id": 6, "name": "metalinstruct", "description": "", "permit": null, "history_change_reason": null, "history_date": "2019-01-02T20:25:26.996Z", "history_user": null, "history_type": "+"}}, {"model": "acl.historicalpermittype", "pk": 16, "fields": {"id": 6, "name": "metalinstruct", "description": "The metalinstruct permit", "permit": 3, "history_change_reason": null, "history_date": "2019-01-02T20:25:27.008Z", "history_user": null, "history_type": "~"}}, {"model": "acl.historicalpermittype", "pk": 17, "fields": {"id": 2, "name": "tablesaw", "description": "The tablesaw permit", "permit": 3, "history_change_reason": null, "history_date": "2019-01-02T20:25:27.179Z", "history_user": null, "history_type": "~"}}, {"model": "acl.historicalpermittype", "pk": 18, "fields": {"id": 4, "name": "doors", "description": "The doors permit", "permit": 3, "history_change_reason": null, "history_date": "2019-01-02T20:25:27.217Z", "history_user": null, "history_type": "~"}}, {"model": "acl.historicalpermittype", "pk": 19, "fields": {"id": 4, "name": "doors", "description": "The doors permit", "permit": 3, "history_change_reason": null, "history_date": "2019-01-02T20:25:27.374Z", "history_user": null, "history_type": "~"}}, {"model": "acl.historicalpermittype", "pk": 20, "fields": {"id": 4, "name": "doors", "description": "The doors permit", "permit": 3, "history_change_reason": null, "history_date": "2019-01-02T20:25:27.522Z", "history_user": null, "history_type": "~"}}, {"model": "acl.historicalpermittype", "pk": 21, "fields": {"id": 4, "name": "doors", "description": "The doors permit", "permit": 3, "history_change_reason": null, "history_date": "2019-01-02T20:25:27.692Z", "history_user": null, "history_type": "~"}}, {"model": "acl.historicalpermittype", "pk": 22, "fields": {"id": 1, "name": "metalstuff", "description": "The metalstuff permit", "permit": 3, "history_change_reason": null, "history_date": "2019-01-02T20:25:27.735Z", "history_user": null, "history_type": "~"}}, {"model": "acl.historicalpermittype", "pk": 23, "fields": {"id": 6, "name": "metalinstruct", "description": "The metalinstruct permit", "permit": 3, "history_change_reason": null, "history_date": "2019-01-02T20:25:27.779Z", "history_user": null, "history_type": "~"}}, {"model": "acl.historicalpermittype", "pk": 24, "fields": {"id": 4, "name": "doors", "description": "The doors permit", "permit": 3, "history_change_reason": null, "history_date": "2019-01-02T20:25:27.946Z", "history_user": null, "history_type": "~"}}, {"model": "acl.historicalpermittype", "pk": 25, "fields": {"id": 1, "name": "metalstuff", "description": "The metalstuff permit", "permit": 3, "history_change_reason": null, "history_date": "2019-01-02T20:25:27.985Z", "history_user": null, "history_type": "~"}}, {"model": "acl.historicalpermittype", "pk": 26, "fields": {"id": 5, "name": "instruct", "description": "The instruct permit", "permit": 3, "history_change_reason": null, "history_date": "2019-01-02T20:27:08.560Z", "history_user": 1, "history_type": "-"}}, {"model": "acl.historicalpermittype", "pk": 27, "fields": {"id": 6, "name": "metalinstruct", "description": "Can give metal instructions", "permit": null, "history_change_reason": null, "history_date": "2019-01-02T20:27:33.583Z", "history_user": 1, "history_type": "~"}}, {"model": "acl.historicalpermittype", "pk": 28, "fields": {"id": 6, "name": "metalinstruct", "description": "Can give metal instructions", "permit": null, "history_change_reason": null, "history_date": "2019-01-02T20:27:54.303Z", "history_user": 1, "history_type": "-"}}, {"model": "acl.historicalpermittype", "pk": 29, "fields": {"id": 7, "name": "Door Approval", "description": "Can approve door access", "permit": null, "history_change_reason": null, "history_date": "2019-01-02T20:28:51.477Z", "history_user": 1, "history_type": "+"}}, {"model": "acl.historicalpermittype", "pk": 30, "fields": {"id": 4, "name": "doors", "description": "The doors permit", "permit": 7, "history_change_reason": null, "history_date": "2019-01-02T20:28:55.179Z", "history_user": 1, "history_type": "~"}}, {"model": "acl.historicalpermittype", "pk": 31, "fields": {"id": 1, "name": "metalstuff", "description": "Can work with metal", "permit": null, "history_change_reason": null, "history_date": "2019-01-02T20:29:35.990Z", "history_user": 1, "history_type": "~"}}, {"model": "acl.historicallocation", "pk": 1, "fields": {"id": 1, "name": "Frontroom", "description": "", "history_change_reason": null, "history_date": "2019-01-02T20:25:25.666Z", "history_user": null, "history_type": "+"}}, {"model": "acl.historicallocation", "pk": 2, "fields": {"id": 1, "name": "Frontroom", "description": "", "history_change_reason": "Added during bulk import.", "history_date": "2019-01-02T20:25:25.685Z", "history_user": null, "history_type": "~"}}, {"model": "acl.historicallocation", "pk": 3, "fields": {"id": 2, "name": "Metalshop", "description": "", "history_change_reason": null, "history_date": "2019-01-02T20:25:25.738Z", "history_user": null, "history_type": "+"}}, {"model": "acl.historicallocation", "pk": 4, "fields": {"id": 2, "name": "Metalshop", "description": "", "history_change_reason": "Added during bulk import.", "history_date": "2019-01-02T20:25:25.750Z", "history_user": null, "history_type": "~"}}, {"model": "acl.historicallocation", "pk": 5, "fields": {"id": 2, "name": "Metalshop", "description": "", "history_change_reason": "Added during bulk import.", "history_date": "2019-01-02T20:25:25.797Z", "history_user": null, "history_type": "~"}}, {"model": "acl.historicallocation", "pk": 6, "fields": {"id": 2, "name": "Metalshop", "description": "", "history_change_reason": "Added during bulk import.", "history_date": "2019-01-02T20:25:25.850Z", "history_user": null, "history_type": "~"}}, {"model": "acl.historicallocation", "pk": 7, "fields": {"id": 3, "name": "Woodshop", "description": "Wood area near the back of the space.", "history_change_reason": null, "history_date": "2019-01-02T20:32:58.362Z", "history_user": 1, "history_type": "+"}}, {"model": "acl.historicallocation", "pk": 8, "fields": {"id": 2, "name": "Metalshop", "description": "Area near the big CNC machine", "history_change_reason": null, "history_date": "2019-01-02T20:45:01.518Z", "history_user": 1, "history_type": "~"}}, {"model": "acl.historicallocation", "pk": 9, "fields": {"id": 1, "name": "Frontroom", "description": "I.e. where you come in.", "history_change_reason": null, "history_date": "2019-01-02T20:45:12.152Z", "history_user": 1, "history_type": "~"}}, {"model": "acl.historicalmachine", "pk": 1, "fields": {"id": 1, "name": "3D-printer", "description": "", "requires_instruction": false, "requires_form": false, "location": null, "requires_permit": null, "history_change_reason": null, "history_date": "2019-01-02T20:25:25.693Z", "history_user": null, "history_type": "+"}}, {"model": "acl.historicalmachine", "pk": 2, "fields": {"id": 1, "name": "3D-printer", "description": "3D-printer", "requires_instruction": true, "requires_form": false, "location": 1, "requires_permit": null, "history_change_reason": "Added during bulk import.", "history_date": "2019-01-02T20:25:25.705Z", "history_user": null, "history_type": "~"}}, {"model": "acl.historicalmachine", "pk": 3, "fields": {"id": 2, "name": "metalmill", "description": "", "requires_instruction": false, "requires_form": false, "location": null, "requires_permit": null, "history_change_reason": null, "history_date": "2019-01-02T20:25:25.757Z", "history_user": null, "history_type": "+"}}, {"model": "acl.historicalmachine", "pk": 4, "fields": {"id": 2, "name": "metalmill", "description": "Abene VHF3 Metaalfrees machine", "requires_instruction": true, "requires_form": true, "location": 2, "requires_permit": null, "history_change_reason": "Added during bulk import.", "history_date": "2019-01-02T20:25:25.769Z", "history_user": null, "history_type": "~"}}, {"model": "acl.historicalmachine", "pk": 5, "fields": {"id": 3, "name": "metallathe", "description": "", "requires_instruction": false, "requires_form": false, "location": null, "requires_permit": null, "history_change_reason": null, "history_date": "2019-01-02T20:25:25.805Z", "history_user": null, "history_type": "+"}}, {"model": "acl.historicalmachine", "pk": 6, "fields": {"id": 3, "name": "metallathe", "description": "Huvema HU760 Draaibank", "requires_instruction": true, "requires_form": true, "location": 2, "requires_permit": null, "history_change_reason": "Added during bulk import.", "history_date": "2019-01-02T20:25:25.818Z", "history_user": null, "history_type": "~"}}, {"model": "acl.historicalmachine", "pk": 7, "fields": {"id": 4, "name": "tablesaw", "description": "", "requires_instruction": false, "requires_form": false, "location": null, "requires_permit": null, "history_change_reason": null, "history_date": "2019-01-02T20:25:25.857Z", "history_user": null, "history_type": "+"}}, {"model": "acl.historicalmachine", "pk": 8, "fields": {"id": 4, "name": "tablesaw", "description": "Huvema HU760 Draaibank", "requires_instruction": true, "requires_form": true, "location": 2, "requires_permit": null, "history_change_reason": "Added during bulk import.", "history_date": "2019-01-02T20:25:25.870Z", "history_user": null, "history_type": "~"}}, {"model": "acl.historicalmachine", "pk": 9, "fields": {"id": 4, "name": "tablesaw", "description": "The tablesaw machine", "requires_instruction": true, "requires_form": true, "location": 2, "requires_permit": 2, "history_change_reason": null, "history_date": "2019-01-02T20:25:26.656Z", "history_user": null, "history_type": "~"}}, {"model": "acl.historicalmachine", "pk": 10, "fields": {"id": 5, "name": "doors", "description": "", "requires_instruction": false, "requires_form": false, "location": null, "requires_permit": null, "history_change_reason": null, "history_date": "2019-01-02T20:25:26.705Z", "history_user": null, "history_type": "+"}}, {"model": "acl.historicalmachine", "pk": 11, "fields": {"id": 5, "name": "doors", "description": "The doors machine", "requires_instruction": true, "requires_form": true, "location": null, "requires_permit": 4, "history_change_reason": null, "history_date": "2019-01-02T20:25:26.717Z", "history_user": null, "history_type": "~"}}, {"model": "acl.historicalmachine", "pk": 12, "fields": {"id": 4, "name": "tablesaw", "description": "The tablesaw machine", "requires_instruction": true, "requires_form": true, "location": 2, "requires_permit": 2, "history_change_reason": null, "history_date": "2019-01-02T20:25:26.883Z", "history_user": null, "history_type": "~"}}, {"model": "acl.historicalmachine", "pk": 13, "fields": {"id": 5, "name": "doors", "description": "The doors machine", "requires_instruction": true, "requires_form": true, "location": null, "requires_permit": 4, "history_change_reason": null, "history_date": "2019-01-02T20:25:26.923Z", "history_user": null, "history_type": "~"}}, {"model": "acl.historicalmachine", "pk": 14, "fields": {"id": 6, "name": "instruct", "description": "", "requires_instruction": false, "requires_form": false, "location": null, "requires_permit": null, "history_change_reason": null, "history_date": "2019-01-02T20:25:26.964Z", "history_user": null, "history_type": "+"}}, {"model": "acl.historicalmachine", "pk": 15, "fields": {"id": 6, "name": "instruct", "description": "The instruct machine", "requires_instruction": true, "requires_form": true, "location": null, "requires_permit": 5, "history_change_reason": null, "history_date": "2019-01-02T20:25:26.976Z", "history_user": null, "history_type": "~"}}, {"model": "acl.historicalmachine", "pk": 16, "fields": {"id": 7, "name": "metalinstruct", "description": "", "requires_instruction": false, "requires_form": false, "location": null, "requires_permit": null, "history_change_reason": null, "history_date": "2019-01-02T20:25:27.016Z", "history_user": null, "history_type": "+"}}, {"model": "acl.historicalmachine", "pk": 17, "fields": {"id": 7, "name": "metalinstruct", "description": "The metalinstruct machine", "requires_instruction": true, "requires_form": true, "location": null, "requires_permit": 6, "history_change_reason": null, "history_date": "2019-01-02T20:25:27.028Z", "history_user": null, "history_type": "~"}}, {"model": "acl.historicalmachine", "pk": 18, "fields": {"id": 4, "name": "tablesaw", "description": "The tablesaw machine", "requires_instruction": true, "requires_form": true, "location": 2, "requires_permit": 2, "history_change_reason": null, "history_date": "2019-01-02T20:25:27.192Z", "history_user": null, "history_type": "~"}}, {"model": "acl.historicalmachine", "pk": 19, "fields": {"id": 5, "name": "doors", "description": "The doors machine", "requires_instruction": true, "requires_form": true, "location": null, "requires_permit": 4, "history_change_reason": null, "history_date": "2019-01-02T20:25:27.227Z", "history_user": null, "history_type": "~"}}, {"model": "acl.historicalmachine", "pk": 20, "fields": {"id": 5, "name": "doors", "description": "The doors machine", "requires_instruction": true, "requires_form": true, "location": null, "requires_permit": 4, "history_change_reason": null, "history_date": "2019-01-02T20:25:27.385Z", "history_user": null, "history_type": "~"}}, {"model": "acl.historicalmachine", "pk": 21, "fields": {"id": 5, "name": "doors", "description": "The doors machine", "requires_instruction": true, "requires_form": true, "location": null, "requires_permit": 4, "history_change_reason": null, "history_date": "2019-01-02T20:25:27.537Z", "history_user": null, "history_type": "~"}}, {"model": "acl.historicalmachine", "pk": 22, "fields": {"id": 5, "name": "doors", "description": "The doors machine", "requires_instruction": true, "requires_form": true, "location": null, "requires_permit": 4, "history_change_reason": null, "history_date": "2019-01-02T20:25:27.706Z", "history_user": null, "history_type": "~"}}, {"model": "acl.historicalmachine", "pk": 23, "fields": {"id": 8, "name": "metalstuff", "description": "", "requires_instruction": false, "requires_form": false, "location": null, "requires_permit": null, "history_change_reason": null, "history_date": "2019-01-02T20:25:27.742Z", "history_user": null, "history_type": "+"}}, {"model": "acl.historicalmachine", "pk": 24, "fields": {"id": 8, "name": "metalstuff", "description": "The metalstuff machine", "requires_instruction": true, "requires_form": true, "location": null, "requires_permit": 1, "history_change_reason": null, "history_date": "2019-01-02T20:25:27.753Z", "history_user": null, "history_type": "~"}}, {"model": "acl.historicalmachine", "pk": 25, "fields": {"id": 7, "name": "metalinstruct", "description": "The metalinstruct machine", "requires_instruction": true, "requires_form": true, "location": null, "requires_permit": 6, "history_change_reason": null, "history_date": "2019-01-02T20:25:27.792Z", "history_user": null, "history_type": "~"}}, {"model": "acl.historicalmachine", "pk": 26, "fields": {"id": 5, "name": "doors", "description": "The doors machine", "requires_instruction": true, "requires_form": true, "location": null, "requires_permit": 4, "history_change_reason": null, "history_date": "2019-01-02T20:25:27.959Z", "history_user": null, "history_type": "~"}}, {"model": "acl.historicalmachine", "pk": 27, "fields": {"id": 8, "name": "metalstuff", "description": "The metalstuff machine", "requires_instruction": true, "requires_form": true, "location": null, "requires_permit": 1, "history_change_reason": null, "history_date": "2019-01-02T20:25:27.997Z", "history_user": null, "history_type": "~"}}, {"model": "acl.historicalmachine", "pk": 28, "fields": {"id": 6, "name": "instruct", "description": "The instruct machine", "requires_instruction": true, "requires_form": true, "location": null, "requires_permit": 5, "history_change_reason": null, "history_date": "2019-01-02T20:27:08.558Z", "history_user": 1, "history_type": "-"}}, {"model": "acl.historicalmachine", "pk": 29, "fields": {"id": 7, "name": "metalinstruct", "description": "The metalinstruct machine", "requires_instruction": true, "requires_form": true, "location": null, "requires_permit": 6, "history_change_reason": null, "history_date": "2019-01-02T20:27:54.301Z", "history_user": 1, "history_type": "-"}}, {"model": "acl.historicalmachine", "pk": 30, "fields": {"id": 8, "name": "Bandsaw for metal", "description": "Metal bandaw, requries instructions by someone who has 'metalstuff'  instructions.", "requires_instruction": true, "requires_form": false, "location": 2, "requires_permit": 1, "history_change_reason": null, "history_date": "2019-01-02T20:32:06.294Z", "history_user": 1, "history_type": "~"}}, {"model": "acl.historicalmachine", "pk": 31, "fields": {"id": 5, "name": "doors", "description": "Allowed to open the doors to the space.", "requires_instruction": true, "requires_form": false, "location": null, "requires_permit": 4, "history_change_reason": null, "history_date": "2019-01-02T20:32:37.190Z", "history_user": 1, "history_type": "~"}}, {"model": "acl.historicalmachine", "pk": 32, "fields": {"id": 4, "name": "tablesaw", "description": "The tablesaw machine, requires instructions and the waiver form to be on file.", "requires_instruction": true, "requires_form": true, "location": 3, "requires_permit": 2, "history_change_reason": null, "history_date": "2019-01-02T20:33:13.478Z", "history_user": 1, "history_type": "~"}}, {"model": "acl.historicalmachine", "pk": 33, "fields": {"id": 3, "name": "metallathe", "description": "Huvema HU760 Draaibank, Reqires instructions by someone who had instruction on this machine.", "requires_instruction": true, "requires_form": true, "location": 2, "requires_permit": null, "history_change_reason": null, "history_date": "2019-01-02T20:33:49.693Z", "history_user": 1, "history_type": "~"}}, {"model": "acl.historicalmachine", "pk": 34, "fields": {"id": 1, "name": "3D-printer", "description": "3D-printer, requires instructions by someone who had instructions on this machine.", "requires_instruction": true, "requires_form": false, "location": 1, "requires_permit": null, "history_change_reason": null, "history_date": "2019-01-02T20:34:10.729Z", "history_user": 1, "history_type": "~"}}, {"model": "acl.historicalmachine", "pk": 35, "fields": {"id": 9, "name": "Hammer", "description": "General hammer, can be used without ado", "requires_instruction": false, "requires_form": false, "location": null, "requires_permit": null, "history_change_reason": null, "history_date": "2019-01-02T20:34:38.985Z", "history_user": 1, "history_type": "+"}}, {"model": "acl.historicalentitlement", "pk": 1, "fields": {"id": 1, "active": true, "permit": 3, "holder": 2, "issuer": 1, "history_change_reason": null, "history_date": "2019-01-02T20:25:26.630Z", "history_user": null, "history_type": "+"}}, {"model": "acl.historicalentitlement", "pk": 2, "fields": {"id": 2, "active": true, "permit": 2, "holder": 2, "issuer": 2, "history_change_reason": null, "history_date": "2019-01-02T20:25:26.677Z", "history_user": null, "history_type": "+"}}, {"model": "acl.historicalentitlement", "pk": 3, "fields": {"id": 3, "active": true, "permit": 4, "holder": 2, "issuer": 2, "history_change_reason": null, "history_date": "2019-01-02T20:25:26.731Z", "history_user": null, "history_type": "+"}}, {"model": "acl.historicalentitlement", "pk": 4, "fields": {"id": 4, "active": true, "permit": 2, "holder": 3, "issuer": 2, "history_change_reason": null, "history_date": "2019-01-02T20:25:26.897Z", "history_user": null, "history_type": "+"}}, {"model": "acl.historicalentitlement", "pk": 5, "fields": {"id": 5, "active": true, "permit": 4, "holder": 3, "issuer": 2, "history_change_reason": null, "history_date": "2019-01-02T20:25:26.937Z", "history_user": null, "history_type": "+"}}, {"model": "acl.historicalentitlement", "pk": 6, "fields": {"id": 6, "active": true, "permit": 5, "holder": 3, "issuer": 2, "history_change_reason": null, "history_date": "2019-01-02T20:25:26.989Z", "history_user": null, "history_type": "+"}}, {"model": "acl.historicalentitlement", "pk": 7, "fields": {"id": 7, "active": true, "permit": 6, "holder": 3, "issuer": 2, "history_change_reason": null, "history_date": "2019-01-02T20:25:27.041Z", "history_user": null, "history_type": "+"}}, {"model": "acl.historicalentitlement", "pk": 8, "fields": {"id": 8, "active": true, "permit": 2, "holder": 4, "issuer": 2, "history_change_reason": null, "history_date": "2019-01-02T20:25:27.204Z", "history_user": null, "history_type": "+"}}, {"model": "acl.historicalentitlement", "pk": 9, "fields": {"id": 9, "active": true, "permit": 4, "holder": 4, "issuer": 2, "history_change_reason": null, "history_date": "2019-01-02T20:25:27.240Z", "history_user": null, "history_type": "+"}}, {"model": "acl.historicalentitlement", "pk": 10, "fields": {"id": 10, "active": true, "permit": 4, "holder": 5, "issuer": 2, "history_change_reason": null, "history_date": "2019-01-02T20:25:27.396Z", "history_user": null, "history_type": "+"}}, {"model": "acl.historicalentitlement", "pk": 11, "fields": {"id": 11, "active": true, "permit": 4, "holder": 6, "issuer": 2, "history_change_reason": null, "history_date": "2019-01-02T20:25:27.549Z", "history_user": null, "history_type": "+"}}, {"model": "acl.historicalentitlement", "pk": 12, "fields": {"id": 12, "active": true, "permit": 4, "holder": 7, "issuer": 2, "history_change_reason": null, "history_date": "2019-01-02T20:25:27.718Z", "history_user": null, "history_type": "+"}}, {"model": "acl.historicalentitlement", "pk": 13, "fields": {"id": 13, "active": true, "permit": 1, "holder": 7, "issuer": 2, "history_change_reason": null, "history_date": "2019-01-02T20:25:27.767Z", "history_user": null, "history_type": "+"}}, {"model": "acl.historicalentitlement", "pk": 14, "fields": {"id": 14, "active": true, "permit": 6, "holder": 7, "issuer": 2, "history_change_reason": null, "history_date": "2019-01-02T20:25:27.808Z", "history_user": null, "history_type": "+"}}, {"model": "acl.historicalentitlement", "pk": 15, "fields": {"id": 15, "active": true, "permit": 4, "holder": 8, "issuer": 2, "history_change_reason": null, "history_date": "2019-01-02T20:25:27.971Z", "history_user": null, "history_type": "+"}}, {"model": "acl.historicalentitlement", "pk": 16, "fields": {"id": 16, "active": true, "permit": 1, "holder": 8, "issuer": 2, "history_change_reason": null, "history_date": "2019-01-02T20:25:28.014Z", "history_user": null, "history_type": "+"}}, {"model": "acl.historicalentitlement", "pk": 17, "fields": {"id": 6, "active": true, "permit": 5, "holder": 3, "issuer": 2, "history_change_reason": null, "history_date": "2019-01-02T20:27:08.559Z", "history_user": 1, "history_type": "-"}}, {"model": "acl.historicalentitlement", "pk": 18, "fields": {"id": 14, "active": true, "permit": 6, "holder": 7, "issuer": 2, "history_change_reason": null, "history_date": "2019-01-02T20:27:54.302Z", "history_user": 1, "history_type": "-"}}, {"model": "acl.historicalentitlement", "pk": 19, "fields": {"id": 7, "active": true, "permit": 6, "holder": 3, "issuer": 2, "history_change_reason": null, "history_date": "2019-01-02T20:27:54.303Z", "history_user": 1, "history_type": "-"}}, {"model": "acl.historicalentitlement", "pk": 20, "fields": {"id": 1, "active": true, "permit": 3, "holder": 2, "issuer": 1, "history_change_reason": null, "history_date": "2019-01-02T20:35:26.254Z", "history_user": 1, "history_type": "-"}}, {"model": "acl.historicalentitlement", "pk": 21, "fields": {"id": 17, "active": false, "permit": 7, "holder": 2, "issuer": 2, "history_change_reason": null, "history_date": "2019-01-02T20:36:01.137Z", "history_user": 1, "history_type": "+"}}, {"model": "acl.historicalentitlement", "pk": 22, "fields": {"id": 18, "active": false, "permit": 3, "holder": 3, "issuer": 2, "history_change_reason": null, "history_date": "2019-01-02T20:36:21.981Z", "history_user": 1, "history_type": "+"}}, {"model": "acl.historicalentitlement", "pk": 23, "fields": {"id": 18, "active": true, "permit": 3, "holder": 3, "issuer": 2, "history_change_reason": "Activated through the self-service interface by ('Ad',) Min", "history_date": "2019-01-02T20:43:58.833Z", "history_user": 1, "history_type": "~"}}, {"model": "acl.historicalentitlement", "pk": 24, "fields": {"id": 19, "active": false, "permit": 2, "holder": 7, "issuer": 7, "history_change_reason": null, "history_date": "2019-01-11T20:13:08.830Z", "history_user": 7, "history_type": "+"}}, {"model": "acl.historicalentitlement", "pk": 25, "fields": {"id": 19, "active": true, "permit": 2, "holder": 7, "issuer": 7, "history_change_reason": "Added through the grand amnesty interface by Mary Metall", "history_date": "2019-01-11T20:13:08.843Z", "history_user": 7, "history_type": "~"}}, {"model": "acl.historicalentitlement", "pk": 26, "fields": {"id": 20, "active": false, "permit": 4, "holder": 7, "issuer": 7, "history_change_reason": null, "history_date": "2019-01-11T20:13:08.857Z", "history_user": 7, "history_type": "+"}}, {"model": "acl.historicalentitlement", "pk": 27, "fields": {"id": 20, "active": true, "permit": 4, "holder": 7, "issuer": 7, "history_change_reason": "Added through the grand amnesty interface by Mary Metall", "history_date": "2019-01-11T20:13:08.868Z", "history_user": 7, "history_type": "~"}}, {"model": "acl.historicalentitlement", "pk": 28, "fields": {"id": 21, "active": false, "permit": 2, "holder": 7, "issuer": 7, "history_change_reason": null, "history_date": "2019-01-11T20:13:13.699Z", "history_user": 7, "history_type": "+"}}, {"model": "acl.historicalentitlement", "pk": 29, "fields": {"id": 21, "active": true, "permit": 2, "holder": 7, "issuer": 7, "history_change_reason": "Added through the grand amnesty interface by Mary Metall", "history_date": "2019-01-11T20:13:13.712Z", "history_user": 7, "history_type": "~"}}, {"model": "acl.historicalentitlement", "pk": 30, "fields": {"id": 22, "active": false, "permit": 4, "holder": 7, "issuer": 7, "history_change_reason": null, "history_date": "2019-01-11T20:13:13.726Z", "history_user": 7, "history_type": "+"}}, {"model": "acl.historicalentitlement", "pk": 31, "fields": {"id": 22, "active": true, "permit": 4, "holder": 7, "issuer": 7, "history_change_reason": "Added through the grand amnesty interface by Mary Metall", "history_date": "2019-01-11T20:13:13.739Z", "history_user": 7, "history_type": "~"}}, {"model": "acl.historicalentitlement", "pk": 32, "fields": {"id": 23, "active": false, "permit": 2, "holder": 7, "issuer": 7, "history_change_reason": null, "history_date": "2019-01-11T20:13:19.476Z", "history_user": 7, "history_type": "+"}}, {"model": "acl.historicalentitlement", "pk": 33, "fields": {"id": 23, "active": true, "permit": 2, "holder": 7, "issuer": 7, "history_change_reason": "Added through the grand amnesty interface by Mary Metall", "history_date": "2019-01-11T20:13:19.490Z", "history_user": 7, "history_type": "~"}}, {"model": "acl.historicalentitlement", "pk": 34, "fields": {"id": 24, "active": false, "permit": 4, "holder": 7, "issuer": 7, "history_change_reason": null, "history_date": "2019-01-11T20:13:19.504Z", "history_user": 7, "history_type": "+"}}, {"model": "acl.historicalentitlement", "pk": 35, "fields": {"id": 24, "active": true, "permit": 4, "holder": 7, "issuer": 7, "history_change_reason": "Added through the grand amnesty interface by Mary Metall", "history_date": "2019-01-11T20:13:19.519Z", "history_user": 7, "history_type": "~"}}, {"model": "acl.historicalentitlement", "pk": 36, "fields": {"id": 25, "active": false, "permit": 2, "holder": 7, "issuer": 7, "history_change_reason": null, "history_date": "2019-01-11T20:13:27.811Z", "history_user": 7, "history_type": "+"}}, {"model": "acl.historicalentitlement", "pk": 37, "fields": {"id": 25, "active": true, "permit": 2, "holder": 7, "issuer": 7, "history_change_reason": "Added through the grand amnesty interface by Mary Metall", "history_date": "2019-01-11T20:13:27.826Z", "history_user": 7, "history_type": "~"}}, {"model": "acl.historicalentitlement", "pk": 38, "fields": {"id": 26, "active": false, "permit": 4, "holder": 7, "issuer": 7, "history_change_reason": null, "history_date": "2019-01-11T20:13:27.839Z", "history_user": 7, "history_type": "+"}}, {"model": "acl.historicalentitlement", "pk": 39, "fields": {"id": 26, "active": true, "permit": 4, "holder": 7, "issuer": 7, "history_change_reason": "Added through the grand amnesty interface by Mary Metall", "history_date": "2019-01-11T20:13:27.851Z", "history_user": 7, "history_type": "~"}}, {"model": "acl.historicalentitlement", "pk": 40, "fields": {"id": 26, "active": true, "permit": 4, "holder": 7, "issuer": 7, "history_change_reason": null, "history_date": "2019-01-11T20:17:16.242Z", "history_user": 1, "history_type": "-"}}, {"model": "acl.historicalentitlement", "pk": 41, "fields": {"id": 25, "active": true, "permit": 2, "holder": 7, "issuer": 7, "history_change_reason": null, "history_date": "2019-01-11T20:17:16.243Z", "history_user": 1, "history_type": "-"}}, {"model": "acl.historicalentitlement", "pk": 42, "fields": {"id": 24, "active": true, "permit": 4, "holder": 7, "issuer": 7, "history_change_reason": null, "history_date": "2019-01-11T20:17:16.243Z", "history_user": 1, "history_type": "-"}}, {"model": "acl.historicalentitlement", "pk": 43, "fields": {"id": 23, "active": true, "permit": 2, "holder": 7, "issuer": 7, "history_change_reason": null, "history_date": "2019-01-11T20:17:16.244Z", "history_user": 1, "history_type": "-"}}, {"model": "acl.historicalentitlement", "pk": 44, "fields": {"id": 22, "active": true, "permit": 4, "holder": 7, "issuer": 7, "history_change_reason": null, "history_date": "2019-01-11T20:17:16.244Z", "history_user": 1, "history_type": "-"}}, {"model": "acl.historicalentitlement", "pk": 45, "fields": {"id": 21, "active": true, "permit": 2, "holder": 7, "issuer": 7, "history_change_reason": null, "history_date": "2019-01-11T20:17:16.245Z", "history_user": 1, "history_type": "-"}}, {"model": "acl.historicalentitlement", "pk": 46, "fields": {"id": 19, "active": true, "permit": 2, "holder": 7, "issuer": 7, "history_change_reason": null, "history_date": "2019-01-11T20:17:16.245Z", "history_user": 1, "history_type": "-"}}, {"model": "acl.historicalentitlement", "pk": 47, "fields": {"id": 27, "active": false, "permit": 2, "holder": 7, "issuer": 7, "history_change_reason": null, "history_date": "2019-01-11T20:32:49.316Z", "history_user": 7, "history_type": "+"}}, {"model": "acl.historicalentitlement", "pk": 48, "fields": {"id": 27, "active": true, "permit": 2, "holder": 7, "issuer": 7, "history_change_reason": "Added through the grand amnesty interface by Mary Metall", "history_date": "2019-01-11T20:32:49.338Z", "history_user": 7, "history_type": "~"}}, {"model": "acl.historicalentitlement", "pk": 49, "fields": {"id": 27, "active": true, "permit": 2, "holder": 7, "issuer": 7, "history_change_reason": null, "history_date": "2019-01-11T20:47:08.299Z", "history_user": 1, "history_type": "-"}}, {"model": "acl.historicalentitlement", "pk": 50, "fields": {"id": 20, "active": true, "permit": 4, "holder": 7, "issuer": 7, "history_change_reason": null, "history_date": "2019-01-11T20:47:08.301Z", "history_user": 1, "history_type": "-"}}, {"model": "acl.historicalentitlement", "pk": 51, "fields": {"id": 13, "active": true, "permit": 1, "holder": 7, "issuer": 2, "history_change_reason": null, "history_date": "2019-01-11T20:47:08.302Z", "history_user": 1, "history_type": "-"}}, {"model": "acl.historicalentitlement", "pk": 52, "fields": {"id": 28, "active": false, "permit": 2, "holder": 7, "issuer": 7, "history_change_reason": null, "history_date": "2019-01-11T20:47:30.411Z", "history_user": 7, "history_type": "+"}}, {"model": "acl.historicalentitlement", "pk": 53, "fields": {"id": 28, "active": true, "permit": 2, "holder": 7, "issuer": 7, "history_change_reason": "Added through the grand amnesty interface by Mary Metall", "history_date": "2019-01-11T20:47:30.426Z", "history_user": 7, "history_type": "~"}}, {"model": "acl.historicalentitlement", "pk": 54, "fields": {"id": 29, "active": false, "permit": 1, "holder": 7, "issuer": 7, "history_change_reason": null, "history_date": "2019-01-11T20:47:30.436Z", "history_user": 7, "history_type": "+"}}, {"model": "acl.historicalentitlement", "pk": 55, "fields": {"id": 29, "active": true, "permit": 1, "holder": 7, "issuer": 7, "history_change_reason": "Added through the grand amnesty interface by Mary Metall", "history_date": "2019-01-11T20:47:30.454Z", "history_user": 7, "history_type": "~"}}, {"model": "acl.historicalentitlement", "pk": 56, "fields": {"id": 30, "active": false, "permit": 3, "holder": 7, "issuer": 1, "history_change_reason": null, "history_date": "2019-01-11T20:49:23.877Z", "history_user": 1, "history_type": "+"}}, {"model": "acl.entitlement", "pk": 2, "fields": {"active": true, "permit": 2, "holder": 2, "issuer": 2}}, {"model": "acl.entitlement", "pk": 3, "fields": {"active": true, "permit": 4, "holder": 2, "issuer": 2}}, {"model": "acl.entitlement", "pk": 4, "fields": {"active": true, "permit": 2, "holder": 3, "issuer": 2}}, {"model": "acl.entitlement", "pk": 5, "fields": {"active": true, "permit": 4, "holder": 3, "issuer": 2}}, {"model": "acl.entitlement", "pk": 8, "fields": {"active": true, "permit": 2, "holder": 4, "issuer": 2}}, {"model": "acl.entitlement", "pk": 9, "fields": {"active": true, "permit": 4, "holder": 4, "issuer": 2}}, {"model": "acl.entitlement", "pk": 10, "fields": {"active": true, "permit": 4, "holder": 5, "issuer": 2}}, {"model": "acl.entitlement", "pk": 11, "fields": {"active": true, "permit": 4, "holder": 6, "issuer": 2}}, {"model": "acl.entitlement", "pk": 12, "fields": {"active": true, "permit": 4, "holder": 7, "issuer": 2}}, {"model": "acl.entitlement", "pk": 15, "fields": {"active": true, "permit": 4, "holder": 8, "issuer": 2}}, {"model": "acl.entitlement", "pk": 16, "fields": {"active": true, "permit": 1, "holder": 8, "issuer": 2}}, {"model": "acl.entitlement", "pk": 17, "fields": {"active": false, "permit": 7, "holder": 2, "issuer": 2}}, {"model": "acl.entitlement", "pk": 18, "fields": {"active": true, "permit": 3, "holder": 3, "issuer": 2}}, {"model": "acl.entitlement", "pk": 28, "fields": {"active": true, "permit": 2, "holder": 7, "issuer": 7}}, {"model": "acl.entitlement", "pk": 29, "fields": {"active": true, "permit": 1, "holder": 7, "issuer": 7}}, {"model": "acl.entitlement", "pk": 30, "fields": {"active": false, "permit": 3, "holder": 7, "issuer": 1}}, {"model": "selfservice.historicalwifinetwork", "pk": 1, "fields": {"id": 1, "network": "Members", "password": "", "history_change_reason": null, "history_date": "2019-01-02T20:25:28.568Z", "history_user": null, "history_type": "+"}}, {"model": "selfservice.historicalwifinetwork", "pk": 2, "fields": {"id": 1, "network": "Members", "password": "1234", "history_change_reason": "Added during bulk import.", "history_date": "2019-01-02T20:25:28.580Z", "history_user": null, "history_type": "~"}}, {"model": "selfservice.historicalwifinetwork", "pk": 3, "fields": {"id": 2, "network": "Members-5G", "password": "", "history_change_reason": null, "history_date": "2019-01-02T20:25:28.586Z", "history_user": null, "history_type": "+"}}, {"model": "selfservice.historicalwifinetwork", "pk": 4, "fields": {"id": 2, "network": "Members-5G", "password": "1234", "history_change_reason": "Added during bulk import.", "history_date": "2019-01-02T20:25:28.596Z", "history_user": null, "history_type": "~"}}, {"model": "selfservice.historicalwifinetwork", "pk": 5, "fields": {"id": 3, "network": "Guests", "password": "", "history_change_reason": null, "history_date": "2019-01-02T20:25:28.604Z", "history_user": null, "history_type": "+"}}, {"model": "selfservice.historicalwifinetwork", "pk": 6, "fields": {"id": 3, "network": "Guests", "password": "Welcome", "history_change_reason": "Added during bulk import.", "history_date": "2019-01-02T20:25:28.614Z", "history_user": null, "history_type": "~"}}, {"model": "ufo.historicalufo", "pk": 1, "fields": {"id": 6, "image": "ufo/digital_pyuK5QR.jpg", "description": "fddsafds", "state": "OK", "lastChange": "2019-01-13", "owner": 7, "history_change_reason": "Deleted via the self-service interface by ('Ad',) Min", "history_date": "2019-01-13T20:07:13.142Z", "history_user": 1, "history_type": "-"}}, {"model": "ufo.historicalufo", "pk": 2, "fields": {"id": 1, "image": "ufo/digital.jpg", "description": "fred", "state": "UNK", "lastChange": "2019-01-13", "owner": null, "history_change_reason": null, "history_date": "2019-01-13T20:47:13.910Z", "history_user": 1, "history_type": "+"}}, {"model": "ufo.historicalufo", "pk": 3, "fields": {"id": 2, "image": "ufo/analog.png", "description": "links naast de tv gevonden", "state": "UNK", "lastChange": "2019-01-13", "owner": null, "history_change_reason": null, "history_date": "2019-01-13T21:00:35.683Z", "history_user": 1, "history_type": "+"}}, {"model": "ufo.historicalufo", "pk": 4, "fields": {"id": 3, "image": "ufo/b6cb62d9-8443-46a3-a823-de673867004e", "description": "test met teller", "state": "UNK", "lastChange": "2019-01-13", "owner": null, "history_change_reason": null, "history_date": "2019-01-13T22:19:56.337Z", "history_user": 1, "history_type": "+"}}, {"model": "ufo.historicalufo", "pk": 5, "fields": {"id": 4, "image": "ufo/e371d7b1-6797-4ba6-8291-1dce29728ba4", "description": "Auto", "state": "UNK", "lastChange": "2019-01-14", "owner": null, "history_change_reason": null, "history_date": "2019-01-13T23:10:27.735Z", "history_user": 1, "history_type": "+"}}, {"model": "ufo.historicalufo", "pk": 6, "fields": {"id": 5, "image": "ufo/3aab999f-f12a-46d9-9468-31ac8f6d6afd", "description": "Auto", "state": "UNK", "lastChange": "2019-01-14", "owner": null, "history_change_reason": null, "history_date": "2019-01-13T23:10:27.753Z", "history_user": 1, "history_type": "+"}}, {"model": "ufo.historicalufo", "pk": 7, "fields": {"id": 6, "image": "ufo/2caec022-b17f-4da6-9a8d-ebc6f85e5466.png", "description": "Auto", "state": "UNK", "lastChange": "2019-01-14", "owner": null, "history_change_reason": null, "history_date": "2019-01-14T12:21:32.495Z", "history_user": 1, "history_type": "+"}}, {"model": "ufo.historicalufo", "pk": 8, "fields": {"id": 7, "image": "ufo/a991ebca-4e0a-422a-8c25-1b2bd9890b57.jpg", "description": "Auto", "state": "UNK", "lastChange": "2019-01-14", "owner": null, "history_change_reason": null, "history_date": "2019-01-14T12:21:32.780Z", "history_user": 1, "history_type": "+"}}, {"model": "ufo.historicalufo", "pk": 9, "fields": {"id": 8, "image": "ufo/6a7c364d-5541-42c8-9961-23f74e490547.png", "description": "Auto", "state": "UNK", "lastChange": "2019-01-14", "owner": null, "history_change_reason": null, "history_date": "2019-01-14T12:21:47.681Z", "history_user": 1, "history_type": "+"}}, {"model": "ufo.historicalufo", "pk": 10, "fields": {"id": 9, "image": "ufo/824f557c-9e74-41fa-a844-e7dd217ec231.jpg", "description": "Auto", "state": "UNK", "lastChange": "2019-01-14", "owner": null, "history_change_reason": null, "history_date": "2019-01-14T12:21:47.956Z", "history_user": 1, "history_type": "+"}}, {"model": "ufo.historicalufo", "pk": 11, "fields": {"id": 10, "image": "ufo/b5c38d74-8425-4605-9bba-73a5e00ae662.png", "description": "Auto", "state": "UNK", "lastChange": "2019-01-14", "owner": null, "history_change_reason": null, "history_date": "2019-01-14T12:32:49.427Z", "history_user": 1, "history_type": "+"}}, {"model": "ufo.historicalufo", "pk": 12, "fields": {"id": 11, "image": "ufo/8ce2712f-b1a6-4709-89ac-7b19285e09b5.jpg", "description": "Auto", "state": "UNK", "lastChange": "2019-01-14", "owner": null, "history_change_reason": null, "history_date": "2019-01-14T12:32:49.705Z", "history_user": 1, "history_type": "+"}}, {"model": "ufo.historicalufo", "pk": 13, "fields": {"id": 10, "image": "ufo/b5c38d74-8425-4605-9bba-73a5e00ae662.png", "description": "Auto", "state": "UNK", "lastChange": "2019-01-14", "owner": null, "history_change_reason": "Deleted via the self-service interface by ('Ad',) Min", "history_date": "2019-01-14T13:45:16.191Z", "history_user": 1, "history_type": "~"}}, {"model": "ufo.historicalufo", "pk": 14, "fields": {"id": 10, "image": "ufo/b5c38d74-8425-4605-9bba-73a5e00ae662.png", "description": "Auto", "state": "UNK", "lastChange": "2019-01-14", "owner": null, "history_change_reason": "Deleted via the self-service interface by ('Ad',) Min", "history_date": "2019-01-14T13:45:16.199Z", "history_user": 1, "history_type": "-"}}, {"model": "ufo.historicalufo", "pk": 15, "fields": {"id": 6, "image": "ufo/2caec022-b17f-4da6-9a8d-ebc6f85e5466.png", "description": "Auto", "state": "UNK", "lastChange": "2019-01-14", "owner": null, "history_change_reason": "Deleted via the self-service interface by ('Ad',) Min", "history_date": "2019-01-14T13:45:19.569Z", "history_user": 1, "history_type": "~"}}, {"model": "ufo.historicalufo", "pk": 16, "fields": {"id": 6, "image": "ufo/2caec022-b17f-4da6-9a8d-ebc6f85e5466.png", "description": "Auto", "state": "UNK", "lastChange": "2019-01-14", "owner": null, "history_change_reason": "Deleted via the self-service interface by ('Ad',) Min", "history_date": "2019-01-14T13:45:19.576Z", "history_user": 1, "history_type": "-"}}, {"model": "ufo.historicalufo", "pk": 17, "fields": {"id": 5, "image": "ufo/3aab999f-f12a-46d9-9468-31ac8f6d6afd", "description": "Auto", "state": "UNK", "lastChange": "2019-01-14", "owner": null, "history_change_reason": "Deleted via the self-service interface by ('Ad',) Min", "history_date": "2019-01-14T13:45:24.007Z", "history_user": 1, "history_type": "~"}}, {"model": "ufo.historicalufo", "pk": 18, "fields": {"id": 5, "image": "ufo/3aab999f-f12a-46d9-9468-31ac8f6d6afd", "description": "Auto", "state": "UNK", "lastChange": "2019-01-14", "owner": null, "history_change_reason": "Deleted via the self-service interface by ('Ad',) Min", "history_date": "2019-01-14T13:45:24.017Z", "history_user": 1, "history_type": "-"}}, {"model": "ufo.historicalufo", "pk": 19, "fields": {"id": 1, "image": "ufo/digital.jpg", "description": "fred", "state": "UNK", "lastChange": "2019-01-14", "owner": null, "history_change_reason": "Deleted via the self-service interface by ('Ad',) Min", "history_date": "2019-01-14T13:45:29.304Z", "history_user": 1, "history_type": "~"}}, {"model": "ufo.historicalufo", "pk": 20, "fields": {"id": 1, "image": "ufo/digital.jpg", "description": "fred", "state": "UNK", "lastChange": "2019-01-14", "owner": null, "history_change_reason": "Deleted via the self-service interface by ('Ad',) Min", "history_date": "2019-01-14T13:45:29.314Z", "history_user": 1, "history_type": "-"}}, {"model": "ufo.historicalufo", "pk": 21, "fields": {"id": 2, "image": "ufo/analog.png", "description": "links naast de tv gevonden", "state": "UNK", "lastChange": "2019-01-14", "owner": null, "history_change_reason": "Deleted via the self-service interface by ('Ad',) Min", "history_date": "2019-01-14T13:45:32.713Z", "history_user": 1, "history_type": "~"}}, {"model": "ufo.historicalufo", "pk": 22, "fields": {"id": 2, "image": "ufo/analog.png", "description": "links naast de tv gevonden", "state": "UNK", "lastChange": "2019-01-14", "owner": null, "history_change_reason": "Deleted via the self-service interface by ('Ad',) Min", "history_date": "2019-01-14T13:45:32.720Z", "history_user": 1, "history_type": "-"}}, {"model": "ufo.historicalufo", "pk": 23, "fields": {"id": 4, "image": "ufo/e371d7b1-6797-4ba6-8291-1dce29728ba4", "description": "Auto", "state": "UNK", "lastChange": "2019-01-14", "owner": null, "history_change_reason": "Deleted via the self-service interface by ('Ad',) Min", "history_date": "2019-01-14T13:45:38.238Z", "history_user": 1, "history_type": "~"}}, {"model": "ufo.historicalufo", "pk": 24, "fields": {"id": 4, "image": "ufo/e371d7b1-6797-4ba6-8291-1dce29728ba4", "description": "Auto", "state": "UNK", "lastChange": "2019-01-14", "owner": null, "history_change_reason": "Deleted via the self-service interface by ('Ad',) Min", "history_date": "2019-01-14T13:45:38.245Z", "history_user": 1, "history_type": "-"}}, {"model": "ufo.historicalufo", "pk": 25, "fields": {"id": 7, "image": "ufo/a991ebca-4e0a-422a-8c25-1b2bd9890b57.jpg", "description": "Auto", "state": "UNK", "lastChange": "2019-01-14", "owner": null, "history_change_reason": "Deleted via the self-service interface by ('Ad',) Min", "history_date": "2019-01-14T13:45:42.909Z", "history_user": 1, "history_type": "~"}}, {"model": "ufo.historicalufo", "pk": 26, "fields": {"id": 7, "image": "ufo/a991ebca-4e0a-422a-8c25-1b2bd9890b57.jpg", "description": "Auto", "state": "UNK", "lastChange": "2019-01-14", "owner": null, "history_change_reason": "Deleted via the self-service interface by ('Ad',) Min", "history_date": "2019-01-14T13:45:42.917Z", "history_user": 1, "history_type": "-"}}, {"model": "ufo.historicalufo", "pk": 27, "fields": {"id": 3, "image": "ufo/b6cb62d9-8443-46a3-a823-de673867004e", "description": "test met teller", "state": "UNK", "lastChange": "2019-01-14", "owner": null, "history_change_reason": "Deleted via the self-service interface by ('Ad',) Min", "history_date": "2019-01-14T13:45:46.959Z", "history_user": 1, "history_type": "~"}}, {"model": "ufo.historicalufo", "pk": 28, "fields": {"id": 3, "image": "ufo/b6cb62d9-8443-46a3-a823-de673867004e", "description": "test met teller", "state": "UNK", "lastChange": "2019-01-14", "owner": null, "history_change_reason": "Deleted via the self-service interface by ('Ad',) Min", "history_date": "2019-01-14T13:45:46.966Z", "history_user": 1, "history_type": "-"}}, {"model": "ufo.historicalufo", "pk": 29, "fields": {"id": 8, "image": "ufo/6a7c364d-5541-42c8-9961-23f74e490547.png", "description": "Auto", "state": "UNK", "lastChange": "2019-01-14", "owner": null, "history_change_reason": "Deleted via the self-service interface by ('Ad',) Min", "history_date": "2019-01-14T13:45:50.599Z", "history_user": 1, "history_type": "~"}}, {"model": "ufo.historicalufo", "pk": 30, "fields": {"id": 8, "image": "ufo/6a7c364d-5541-42c8-9961-23f74e490547.png", "description": "Auto", "state": "UNK", "lastChange": "2019-01-14", "owner": null, "history_change_reason": "Deleted via the self-service interface by ('Ad',) Min", "history_date": "2019-01-14T13:45:50.605Z", "history_user": 1, "history_type": "-"}}, {"model": "ufo.historicalufo", "pk": 31, "fields": {"id": 9, "image": "ufo/824f557c-9e74-41fa-a844-e7dd217ec231.jpg", "description": "Auto", "state": "UNK", "lastChange": "2019-01-14", "owner": null, "history_change_reason": "Deleted via the self-service interface by ('Ad',) Min", "history_date": "2019-01-14T13:45:55.228Z", "history_user": 1, "history_type": "~"}}, {"model": "ufo.historicalufo", "pk": 32, "fields": {"id": 9, "image": "ufo/824f557c-9e74-41fa-a844-e7dd217ec231.jpg", "description": "Auto", "state": "UNK", "lastChange": "2019-01-14", "owner": null, "history_change_reason": "Deleted via the self-service interface by ('Ad',) Min", "history_date": "2019-01-14T13:45:55.237Z", "history_user": 1, "history_type": "-"}}, {"model": "ufo.historicalufo", "pk": 33, "fields": {"id": 11, "image": "ufo/8ce2712f-b1a6-4709-89ac-7b19285e09b5.jpg", "description": "Auto", "state": "UNK", "lastChange": "2019-01-14", "owner": null, "history_change_reason": "Deleted via the self-service interface by ('Ad',) Min", "history_date": "2019-01-14T13:45:59.324Z", "history_user": 1, "history_type": "~"}}, {"model": "ufo.historicalufo", "pk": 34, "fields": {"id": 11, "image": "ufo/8ce2712f-b1a6-4709-89ac-7b19285e09b5.jpg", "description": "Auto", "state": "UNK", "lastChange": "2019-01-14", "owner": null, "history_change_reason": "Deleted via the self-service interface by ('Ad',) Min", "history_date": "2019-01-14T13:45:59.332Z", "history_user": 1, "history_type": "-"}}, {"model": "admin.logentry", "pk": 1, "fields": {"action_time": "2019-01-02T20:27:08.543Z", "user": 1, "content_type": 16, "object_id": "5", "object_repr": "instruct", "action_flag": 3, "change_message": ""}}, {"model": "admin.logentry", "pk": 2, "fields": {"action_time": "2019-01-02T20:27:33.585Z", "user": 1, "content_type": 16, "object_id": "6", "object_repr": "metalinstruct", "action_flag": 2, "change_message": "[{\"changed\": {\"fields\": [\"description\", \"permit\"]}}]"}}, {"model": "admin.logentry", "pk": 3, "fields": {"action_time": "2019-01-02T20:27:54.284Z", "user": 1, "content_type": 16, "object_id": "6", "object_repr": "metalinstruct", "action_flag": 3, "change_message": ""}}, {"model": "admin.logentry", "pk": 4, "fields": {"action_time": "2019-01-02T20:28:51.479Z", "user": 1, "content_type": 16, "object_id": "7", "object_repr": "Door Approval", "action_flag": 1, "change_message": "[{\"added\": {}}]"}}, {"model": "admin.logentry", "pk": 5, "fields": {"action_time": "2019-01-02T20:28:55.180Z", "user": 1, "content_type": 16, "object_id": "4", "object_repr": "doors", "action_flag": 2, "change_message": "[{\"changed\": {\"fields\": [\"permit\"]}}]"}}, {"model": "admin.logentry", "pk": 6, "fields": {"action_time": "2019-01-02T20:29:35.992Z", "user": 1, "content_type": 16, "object_id": "1", "object_repr": "metalstuff", "action_flag": 2, "change_message": "[{\"changed\": {\"fields\": [\"description\", \"permit\"]}}]"}}, {"model": "admin.logentry", "pk": 7, "fields": {"action_time": "2019-01-02T20:30:12.451Z", "user": 1, "content_type": 5, "object_id": "2", "object_repr": "Theo Trustuee", "action_flag": 2, "change_message": "[{\"changed\": {\"fields\": [\"email_confirmed\", \"is_staff\"]}}]"}}, {"model": "admin.logentry", "pk": 8, "fields": {"action_time": "2019-01-02T20:32:06.295Z", "user": 1, "content_type": 15, "object_id": "8", "object_repr": "Bandsaw for metal", "action_flag": 2, "change_message": "[{\"changed\": {\"fields\": [\"name\", \"description\", \"location\", \"requires_form\"]}}]"}}, {"model": "admin.logentry", "pk": 9, "fields": {"action_time": "2019-01-02T20:32:37.192Z", "user": 1, "content_type": 15, "object_id": "5", "object_repr": "doors", "action_flag": 2, "change_message": "[{\"changed\": {\"fields\": [\"description\", \"requires_form\"]}}]"}}, {"model": "admin.logentry", "pk": 10, "fields": {"action_time": "2019-01-02T20:32:58.362Z", "user": 1, "content_type": 14, "object_id": "3", "object_repr": "Woodshop", "action_flag": 1, "change_message": "[{\"added\": {}}]"}}, {"model": "admin.logentry", "pk": 11, "fields": {"action_time": "2019-01-02T20:33:13.479Z", "user": 1, "content_type": 15, "object_id": "4", "object_repr": "tablesaw", "action_flag": 2, "change_message": "[{\"changed\": {\"fields\": [\"description\", \"location\"]}}]"}}, {"model": "admin.logentry", "pk": 12, "fields": {"action_time": "2019-01-02T20:33:49.694Z", "user": 1, "content_type": 15, "object_id": "3", "object_repr": "metallathe", "action_flag": 2, "change_message": "[{\"changed\": {\"fields\": [\"description\"]}}]"}}, {"model": "admin.logentry", "pk": 13, "fields": {"action_time": "2019-01-02T20:34:10.731Z", "user": 1, "content_type": 15, "object_id": "1", "object_repr": "3D-printer", "action_flag": 2, "change_message": "[{\"changed\": {\"fields\": [\"description\"]}}]"}}, {"model": "admin.logentry", "pk": 14, "fields": {"action_time": "2019-01-02T20:34:38.986Z", "user": 1, "content_type": 15, "object_id": "9", "object_repr": "Hammer", "action_flag": 1, "change_message": "[{\"added\": {}}]"}}, {"model": "admin.logentry", "pk": 15, "fields": {"action_time": "2019-01-02T20:35:26.244Z", "user": 1, "content_type": 9, "object_id": "1", "object_repr": "Theo Trustuee@Wood Instruction(Active:True)", "action_flag": 3, "change_message": ""}}, {"model": "admin.logentry", "pk": 16, "fields": {"action_time": "2019-01-02T20:36:01.138Z", "user": 1, "content_type": 9, "object_id": "17", "object_repr": "Theo Trustuee@Door Approval(Active:False)", "action_flag": 1, "change_message": "[{\"added\": {}}]"}}, {"model": "admin.logentry", "pk": 17, "fields": {"action_time": "2019-01-02T20:36:21.982Z", "user": 1, "content_type": 9, "object_id": "18", "object_repr": "Ida Instructor@Wood Instruction(Active:False)", "action_flag": 1, "change_message": "[{\"added\": {}}]"}}, {"model": "admin.logentry", "pk": 18, "fields": {"action_time": "2019-01-02T20:37:44.612Z", "user": 1, "content_type": 2, "object_id": "1", "object_repr": "Bike@Corridor next to the washbasin", "action_flag": 1, "change_message": "[{\"added\": {}}]"}}, {"model": "admin.logentry", "pk": 19, "fields": {"action_time": "2019-01-02T20:38:39.736Z", "user": 1, "content_type": 2, "object_id": "2", "object_repr": "Pallets@Floor in the wood workshop", "action_flag": 1, "change_message": "[{\"added\": {}}]"}}, {"model": "admin.logentry", "pk": 20, "fields": {"action_time": "2019-01-02T20:39:19.946Z", "user": 1, "content_type": 2, "object_id": "3", "object_repr": "500Liter LPG Gas tank@Near the back door", "action_flag": 1, "change_message": "[{\"added\": {}}]"}}, {"model": "admin.logentry", "pk": 21, "fields": {"action_time": "2019-01-02T20:45:01.519Z", "user": 1, "content_type": 14, "object_id": "2", "object_repr": "Metalshop", "action_flag": 2, "change_message": "[{\"changed\": {\"fields\": [\"description\"]}}]"}}, {"model": "admin.logentry", "pk": 22, "fields": {"action_time": "2019-01-02T20:45:12.153Z", "user": 1, "content_type": 14, "object_id": "1", "object_repr": "Frontroom", "action_flag": 2, "change_message": "[{\"changed\": {\"fields\": [\"description\"]}}]"}}, {"model": "admin.logentry", "pk": 23, "fields": {"action_time": "2019-01-02T20:49:01.457Z", "user": 1, "content_type": 8, "object_id": "1", "object_repr": "23432432432 (Ida Instructor)", "action_flag": 1, "change_message": "[{\"added\": {}}]"}}, {"model": "admin.logentry", "pk": 24, "fields": {"action_time": "2019-01-02T20:49:10.219Z", "user": 1, "content_type": 8, "object_id": "2", "object_repr": "asfadsfads (Peter Plain)", "action_flag": 1, "change_message": "[{\"added\": {}}]"}}, {"model": "admin.logentry", "pk": 25, "fields": {"action_time": "2019-01-02T20:49:17.646Z", "user": 1, "content_type": 8, "object_id": "3", "object_repr": "321312 (Ida Instructor)", "action_flag": 1, "change_message": "[{\"added\": {}}]"}}, {"model": "admin.logentry", "pk": 26, "fields": {"action_time": "2019-01-02T20:49:26.336Z", "user": 1, "content_type": 8, "object_id": "4", "object_repr": "131321 (Tom LotsATags)", "action_flag": 1, "change_message": "[{\"added\": {}}]"}}, {"model": "admin.logentry", "pk": 27, "fields": {"action_time": "2019-01-02T20:49:30.952Z", "user": 1, "content_type": 8, "object_id": "4", "object_repr": "3121121 (Tom LotsATags)", "action_flag": 2, "change_message": "[{\"changed\": {\"fields\": [\"tag\"]}}]"}}, {"model": "admin.logentry", "pk": 28, "fields": {"action_time": "2019-01-02T20:49:34.861Z", "user": 1, "content_type": 8, "object_id": "4", "object_repr": "3121312 (Tom LotsATags)", "action_flag": 2, "change_message": "[{\"changed\": {\"fields\": [\"tag\"]}}]"}}, {"model": "admin.logentry", "pk": 29, "fields": {"action_time": "2019-01-02T20:49:45.288Z", "user": 1, "content_type": 8, "object_id": "4", "object_repr": "31255454 (Mary Metal)", "action_flag": 2, "change_message": "[{\"changed\": {\"fields\": [\"owner\", \"tag\"]}}]"}}, {"model": "admin.logentry", "pk": 30, "fields": {"action_time": "2019-01-02T20:49:50.043Z", "user": 1, "content_type": 8, "object_id": "5", "object_repr": "5454 (Peter Plain)", "action_flag": 1, "change_message": "[{\"added\": {}}]"}}, {"model": "admin.logentry", "pk": 31, "fields": {"action_time": "2019-01-02T20:49:55.977Z", "user": 1, "content_type": 8, "object_id": "6", "object_repr": "454454 (Mary Metal)", "action_flag": 1, "change_message": "[{\"added\": {}}]"}}, {"model": "admin.logentry", "pk": 32, "fields": {"action_time": "2019-01-02T20:50:02.867Z", "user": 1, "content_type": 8, "object_id": "7", "object_repr": "45454 (Mike Newmetal)", "action_flag": 1, "change_message": "[{\"added\": {}}]"}}, {"model": "admin.logentry", "pk": 33, "fields": {"action_time": "2019-01-02T20:50:10.561Z", "user": 1, "content_type": 8, "object_id": "8", "object_repr": "5444 (Theo Trustuee)", "action_flag": 1, "change_message": "[{\"added\": {}}]"}}, {"model": "admin.logentry", "pk": 34, "fields": {"action_time": "2019-01-02T20:50:49.906Z", "user": 1, "content_type": 8, "object_id": "9", "object_repr": "41243242 (Tom LotsATags)", "action_flag": 1, "change_message": "[{\"added\": {}}]"}}, {"model": "admin.logentry", "pk": 35, "fields": {"action_time": "2019-01-02T20:54:22.603Z", "user": 1, "content_type": 8, "object_id": "10", "object_repr": "1 (Tom LotsATags)", "action_flag": 1, "change_message": "[{\"added\": {}}]"}}, {"model": "admin.logentry", "pk": 36, "fields": {"action_time": "2019-01-02T20:54:26.472Z", "user": 1, "content_type": 8, "object_id": "10", "object_repr": "12 (Tom LotsATags)", "action_flag": 2, "change_message": "[{\"changed\": {\"fields\": [\"tag\"]}}]"}}, {"model": "admin.logentry", "pk": 37, "fields": {"action_time": "2019-01-02T20:54:27.305Z", "user": 1, "content_type": 8, "object_id": "10", "object_repr": "12 (Tom LotsATags)", "action_flag": 2, "change_message": "[]"}}, {"model": "admin.logentry", "pk": 38, "fields": {"action_time": "2019-01-02T20:54:30.471Z", "user": 1, "content_type": 8, "object_id": "10", "object_repr": "123 (Tom LotsATags)", "action_flag": 2, "change_message": "[{\"changed\": {\"fields\": [\"tag\"]}}]"}}, {"model": "admin.logentry", "pk": 39, "fields": {"action_time": "2019-01-02T20:57:47.139Z", "user": 1, "content_type": 8, "object_id": "11", "object_repr": "32232 (Tom LotsATags)", "action_flag": 1, "change_message": "[{\"added\": {}}]"}}, {"model": "admin.logentry", "pk": 40, "fields": {"action_time": "2019-01-02T20:57:55.274Z", "user": 1, "content_type": 8, "object_id": "12", "object_repr": "22 (Tom LotsATags)", "action_flag": 1, "change_message": "[{\"added\": {}}]"}}, {"model": "admin.logentry", "pk": 41, "fields": {"action_time": "2019-01-02T20:58:05.501Z", "user": 1, "content_type": 8, "object_id": "13", "object_repr": "444 (Tom LotsATags)", "action_flag": 1, "change_message": "[{\"added\": {}}]"}}, {"model": "admin.logentry", "pk": 42, "fields": {"action_time": "2019-01-11T20:17:16.194Z", "user": 1, "content_type": 9, "object_id": "26", "object_repr": "Mary Metall@doors(Active:True)", "action_flag": 3, "change_message": ""}}, {"model": "admin.logentry", "pk": 43, "fields": {"action_time": "2019-01-11T20:17:16.206Z", "user": 1, "content_type": 9, "object_id": "25", "object_repr": "Mary Metall@tablesaw(Active:True)", "action_flag": 3, "change_message": ""}}, {"model": "admin.logentry", "pk": 44, "fields": {"action_time": "2019-01-11T20:17:16.212Z", "user": 1, "content_type": 9, "object_id": "24", "object_repr": "Mary Metall@doors(Active:True)", "action_flag": 3, "change_message": ""}}, {"model": "admin.logentry", "pk": 45, "fields": {"action_time": "2019-01-11T20:17:16.218Z", "user": 1, "content_type": 9, "object_id": "23", "object_repr": "Mary Metall@tablesaw(Active:True)", "action_flag": 3, "change_message": ""}}, {"model": "admin.logentry", "pk": 46, "fields": {"action_time": "2019-01-11T20:17:16.223Z", "user": 1, "content_type": 9, "object_id": "22", "object_repr": "Mary Metall@doors(Active:True)", "action_flag": 3, "change_message": ""}}, {"model": "admin.logentry", "pk": 47, "fields": {"action_time": "2019-01-11T20:17:16.229Z", "user": 1, "content_type": 9, "object_id": "21", "object_repr": "Mary Metall@tablesaw(Active:True)", "action_flag": 3, "change_message": ""}}, {"model": "admin.logentry", "pk": 48, "fields": {"action_time": "2019-01-11T20:17:16.234Z", "user": 1, "content_type": 9, "object_id": "19", "object_repr": "Mary Metall@tablesaw(Active:True)", "action_flag": 3, "change_message": ""}}, {"model": "admin.logentry", "pk": 49, "fields": {"action_time": "2019-01-11T20:47:08.277Z", "user": 1, "content_type": 9, "object_id": "27", "object_repr": "Mary Metall@tablesaw(Active:True)", "action_flag": 3, "change_message": ""}}, {"model": "admin.logentry", "pk": 50, "fields": {"action_time": "2019-01-11T20:47:08.284Z", "user": 1, "content_type": 9, "object_id": "20", "object_repr": "Mary Metall@doors(Active:True)", "action_flag": 3, "change_message": ""}}, {"model": "admin.logentry", "pk": 51, "fields": {"action_time": "2019-01-11T20:47:08.290Z", "user": 1, "content_type": 9, "object_id": "13", "object_repr": "Mary Metall@metalstuff(Active:True)", "action_flag": 3, "change_message": ""}}, {"model": "admin.logentry", "pk": 52, "fields": {"action_time": "2019-01-11T20:49:23.878Z", "user": 1, "content_type": 9, "object_id": "30", "object_repr": "Mary Metall@Wood Instruction(Active:False)", "action_flag": 1, "change_message": "[{\"added\": {}}]"}}]